:START_ID,:END_ID,:TYPE
주식매매계약서가 작성된다.,f899ad048b8426415cd4f95bf45ffd6abc9879ebfd0ee779b7799d1a85141a11,Source
주식매매계약서,f899ad048b8426415cd4f95bf45ffd6abc9879ebfd0ee779b7799d1a85141a11,Source
주식회사 알파벤처스,979ecf6c74a5be97edb6a56fd285107ee39a007233965d98c69368bcba9d6f3c,Source
주식회사 감마테크,979ecf6c74a5be97edb6a56fd285107ee39a007233965d98c69368bcba9d6f3c,Source
주식회사 베타홀딩스,979ecf6c74a5be97edb6a56fd285107ee39a007233965d98c69368bcba9d6f3c,Source
계약,979ecf6c74a5be97edb6a56fd285107ee39a007233965d98c69368bcba9d6f3c,Source
2025년 1월 1일,979ecf6c74a5be97edb6a56fd285107ee39a007233965d98c69368bcba9d6f3c,Source
2025년 1월 1일에 계약일자가 정해졌다.,979ecf6c74a5be97edb6a56fd285107ee39a007233965d98c69368bcba9d6f3c,Source
주식회사 알파벤처스와 주식회사 베타홀딩스가 계약 당사자가 되었다.,979ecf6c74a5be97edb6a56fd285107ee39a007233965d98c69368bcba9d6f3c,Source
주식회사 감마테크가 계약의 대상회사가 되었다.,979ecf6c74a5be97edb6a56fd285107ee39a007233965d98c69368bcba9d6f3c,Source
주식회사 알파벤처스와 주식회사 베타홀딩스가 2025년 1월 1일에 계약을 체결한다.,979ecf6c74a5be97edb6a56fd285107ee39a007233965d98c69368bcba9d6f3c,Source
주식회사 알파벤처스가 주식회사 감마테크를 대상으로 계약을 체결한다.,979ecf6c74a5be97edb6a56fd285107ee39a007233965d98c69368bcba9d6f3c,Source
주식회사 베타홀딩스가 주식회사 감마테크를 대상으로 계약을 체결한다.,979ecf6c74a5be97edb6a56fd285107ee39a007233965d98c69368bcba9d6f3c,Source
제1장 총칙이 시작된다.,2bd9204a054d103e28ae763976169403bb7ea973a3e3f208bd5018fecfe556f1,Source
제1장 총칙,2bd9204a054d103e28ae763976169403bb7ea973a3e3f208bd5018fecfe556f1,Source
매도인,74f2624814b86543402ac1be3176077d8eb0747b529cd041a5ae7ef4d8ac9b32,Source
"대상회사 발행 보통주식 10,000,000주",74f2624814b86543402ac1be3176077d8eb0747b529cd041a5ae7ef4d8ac9b32,Source
매매주식,74f2624814b86543402ac1be3176077d8eb0747b529cd041a5ae7ef4d8ac9b32,Source
매수인,74f2624814b86543402ac1be3176077d8eb0747b529cd041a5ae7ef4d8ac9b32,Source
본 계약,74f2624814b86543402ac1be3176077d8eb0747b529cd041a5ae7ef4d8ac9b32,Source
매매주식 매도 및 매수에 필요한 제반 사항,74f2624814b86543402ac1be3176077d8eb0747b529cd041a5ae7ef4d8ac9b32,Source
"매도인이 보유한 대상회사 발행 보통주식 10,000,000주를 매수인에게 매도한다.",74f2624814b86543402ac1be3176077d8eb0747b529cd041a5ae7ef4d8ac9b32,Source
매수인이 이를 매수한다.,74f2624814b86543402ac1be3176077d8eb0747b529cd041a5ae7ef4d8ac9b32,Source
본 계약이 필요한 제반 사항을 규정한다.,74f2624814b86543402ac1be3176077d8eb0747b529cd041a5ae7ef4d8ac9b32,Source
"매도인이 대상회사 발행 보통주식 10,000,000주를 매수인에게 매도한다.",74f2624814b86543402ac1be3176077d8eb0747b529cd041a5ae7ef4d8ac9b32,Source
대상회사,74f2624814b86543402ac1be3176077d8eb0747b529cd041a5ae7ef4d8ac9b32,Source
"보통주식 10,000,000주",74f2624814b86543402ac1be3176077d8eb0747b529cd041a5ae7ef4d8ac9b32,Source
"매수인이 매도인으로부터 대상회사 발행 보통주식 10,000,000주를 매수한다.",74f2624814b86543402ac1be3176077d8eb0747b529cd041a5ae7ef4d8ac9b32,Source
본 계약은 매도인과 매수인 간의 매매에 필요한 제반 사항을 규정한다.,74f2624814b86543402ac1be3176077d8eb0747b529cd041a5ae7ef4d8ac9b32,Source
거래종결일,7280c20362c95c675f607ab8e5ce7706dc060102c7877ea035ba3993f5b73402,Source
제51조에 따라 주식 양도가 완료되는 날,7280c20362c95c675f607ab8e5ce7706dc060102c7877ea035ba3993f5b73402,Source
영업일,7280c20362c95c675f607ab8e5ce7706dc060102c7877ea035ba3993f5b73402,Source
대한민국의 은행이 정상 영업하는 날,7280c20362c95c675f607ab8e5ce7706dc060102c7877ea035ba3993f5b73402,Source
중요한 부정적 변동,7280c20362c95c675f607ab8e5ce7706dc060102c7877ea035ba3993f5b73402,Source
"대상회사의 재무상태, 영업, 자산에 중대한 악영향을 미치는 사건",7280c20362c95c675f607ab8e5ce7706dc060102c7877ea035ba3993f5b73402,Source
주식 양도가 완료된다.,7280c20362c95c675f607ab8e5ce7706dc060102c7877ea035ba3993f5b73402,Source
"""거래종결일""이 된다.",7280c20362c95c675f607ab8e5ce7706dc060102c7877ea035ba3993f5b73402,Source
대한민국의 은행이 정상 영업한다.,7280c20362c95c675f607ab8e5ce7706dc060102c7877ea035ba3993f5b73402,Source
"""영업일""이다.",7280c20362c95c675f607ab8e5ce7706dc060102c7877ea035ba3993f5b73402,Source
"대상회사의 재무상태, 영업, 자산에 중대한 악영향을 미치는 사건이 발생한다.",7280c20362c95c675f607ab8e5ce7706dc060102c7877ea035ba3993f5b73402,Source
"""중요한 부정적 변동""이 발생한다.",7280c20362c95c675f607ab8e5ce7706dc060102c7877ea035ba3993f5b73402,Source
거래종결일은 제51조에 따라 주식 양도가 완료되는 날로 정의된다.,7280c20362c95c675f607ab8e5ce7706dc060102c7877ea035ba3993f5b73402,Source
제51조,7280c20362c95c675f607ab8e5ce7706dc060102c7877ea035ba3993f5b73402,Source
주식,7280c20362c95c675f607ab8e5ce7706dc060102c7877ea035ba3993f5b73402,Source
영업일은 대한민국의 은행이 정상 영업하는 날로 정의된다.,7280c20362c95c675f607ab8e5ce7706dc060102c7877ea035ba3993f5b73402,Source
대한민국의 은행,7280c20362c95c675f607ab8e5ce7706dc060102c7877ea035ba3993f5b73402,Source
"중요한 부정적 변동은 대상회사의 재무상태, 영업, 자산에 중대한 악영향을 미치는 사건으로 정의된다.",7280c20362c95c675f607ab8e5ce7706dc060102c7877ea035ba3993f5b73402,Source
재무상태,7280c20362c95c675f607ab8e5ce7706dc060102c7877ea035ba3993f5b73402,Source
영업,7280c20362c95c675f607ab8e5ce7706dc060102c7877ea035ba3993f5b73402,Source
자산,7280c20362c95c675f607ab8e5ce7706dc060102c7877ea035ba3993f5b73402,Source
양 당사자,d3431731d25d1b37677c3ec58d81426e94399e1626cb53c5cbd6f36c482400d7,Source
본 계약의 체결 및 이행,d3431731d25d1b37677c3ec58d81426e94399e1626cb53c5cbd6f36c482400d7,Source
양 당사자가 본 계약을 체결한다.,d3431731d25d1b37677c3ec58d81426e94399e1626cb53c5cbd6f36c482400d7,Source
양 당사자가 본 계약을 이행한다.,d3431731d25d1b37677c3ec58d81426e94399e1626cb53c5cbd6f36c482400d7,Source
양 당사자가 상호 선의와 신뢰를 바탕으로 한다.,d3431731d25d1b37677c3ec58d81426e94399e1626cb53c5cbd6f36c482400d7,Source
양 당사자가 성실히 협력한다.,d3431731d25d1b37677c3ec58d81426e94399e1626cb53c5cbd6f36c482400d7,Source
양 당사자가 상호 선의와 신뢰를 바탕으로 성실히 협력한다.,d3431731d25d1b37677c3ec58d81426e94399e1626cb53c5cbd6f36c482400d7,Source
선의,d3431731d25d1b37677c3ec58d81426e94399e1626cb53c5cbd6f36c482400d7,Source
신뢰,d3431731d25d1b37677c3ec58d81426e94399e1626cb53c5cbd6f36c482400d7,Source
매매주식의 매매와 관련한 당사자 간의 모든 합의,ffc6efc8d460691f16fe90cd7749d3c25095d6b740b0adeebf8979e43a0e4111,Source
이전의 모든 구두 또는 서면 합의,ffc6efc8d460691f16fe90cd7749d3c25095d6b740b0adeebf8979e43a0e4111,Source
본 계약은 매매주식의 매매와 관련한 당사자 간의 모든 합의를 포함한다.,ffc6efc8d460691f16fe90cd7749d3c25095d6b740b0adeebf8979e43a0e4111,Source
본 계약은 이전의 모든 구두 또는 서면 합의를 대체한다.,ffc6efc8d460691f16fe90cd7749d3c25095d6b740b0adeebf8979e43a0e4111,Source
이전의 모든 구두 또는 서면 합의가 존재했다.,ffc6efc8d460691f16fe90cd7749d3c25095d6b740b0adeebf8979e43a0e4111,Source
본 계약이 체결되어 이전의 모든 구두 또는 서면 합의를 대체한다.,ffc6efc8d460691f16fe90cd7749d3c25095d6b740b0adeebf8979e43a0e4111,Source
본 계약이 체결된다.,ffc6efc8d460691f16fe90cd7749d3c25095d6b740b0adeebf8979e43a0e4111,Source
이전의 모든 구두 또는 서면 합의가 대체된다.,ffc6efc8d460691f16fe90cd7749d3c25095d6b740b0adeebf8979e43a0e4111,Source
당사자,ffc6efc8d460691f16fe90cd7749d3c25095d6b740b0adeebf8979e43a0e4111,Source
이전의 구두 합의,ffc6efc8d460691f16fe90cd7749d3c25095d6b740b0adeebf8979e43a0e4111,Source
이전의 서면 합의,ffc6efc8d460691f16fe90cd7749d3c25095d6b740b0adeebf8979e43a0e4111,Source
매매주식의 총 매매가격,2641991de76378952ab3efbdc891289a8930fe379272ec52318152202946f22f,Source
"금 일천억원(₩100,000,000,000)",2641991de76378952ab3efbdc891289a8930fe379272ec52318152202946f22f,Source
주당 매매가격,2641991de76378952ab3efbdc891289a8930fe379272ec52318152202946f22f,Source
"금 일만원(₩10,000)",2641991de76378952ab3efbdc891289a8930fe379272ec52318152202946f22f,Source
"매매주식의 총 매매가격은 금 일천억원(₩100,000,000,000)으로 한다.",2641991de76378952ab3efbdc891289a8930fe379272ec52318152202946f22f,Source
"주당 매매가격은 금 일만원(₩10,000)으로 한다.",2641991de76378952ab3efbdc891289a8930fe379272ec52318152202946f22f,Source
"매매주식의 총 매매가격을 금 일천억원(₩100,000,000,000)으로 정한다.",2641991de76378952ab3efbdc891289a8930fe379272ec52318152202946f22f,Source
"주당 매매가격을 금 일만원(₩10,000)으로 정한다.",2641991de76378952ab3efbdc891289a8930fe379272ec52318152202946f22f,Source
진술,a8f4d8553b974cddf680ba6af313495a8912e74d68732ac174dbf07371d2ca0d,Source
본 계약 체결일,a8f4d8553b974cddf680ba6af313495a8912e74d68732ac174dbf07371d2ca0d,Source
보증,a8f4d8553b974cddf680ba6af313495a8912e74d68732ac174dbf07371d2ca0d,Source
거래가 종결된다.,a8f4d8553b974cddf680ba6af313495a8912e74d68732ac174dbf07371d2ca0d,Source
진술과 보증이 있다.,a8f4d8553b974cddf680ba6af313495a8912e74d68732ac174dbf07371d2ca0d,Source
진술과 보증의 기준일이 본 계약 체결일과 거래종결일이 된다.,a8f4d8553b974cddf680ba6af313495a8912e74d68732ac174dbf07371d2ca0d,Source
달리 명시되지 않는다.,a8f4d8553b974cddf680ba6af313495a8912e74d68732ac174dbf07371d2ca0d,Source
모든 진술과 보증은 본 계약 체결일과 거래종결일을 기준으로 한다.,a8f4d8553b974cddf680ba6af313495a8912e74d68732ac174dbf07371d2ca0d,Source
모든 진술과 보증은 본 계약 체결일을 기준으로 한다.,a8f4d8553b974cddf680ba6af313495a8912e74d68732ac174dbf07371d2ca0d,Source
모든 진술과 보증은 거래종결일을 기준으로 한다.,a8f4d8553b974cddf680ba6af313495a8912e74d68732ac174dbf07371d2ca0d,Source
각 당사자,101163c4f37a5830f0dbc8e7013f790b8add27a72a9b8ed4d1cb3f72252fab87,Source
제3자,101163c4f37a5830f0dbc8e7013f790b8add27a72a9b8ed4d1cb3f72252fab87,Source
상대방,101163c4f37a5830f0dbc8e7013f790b8add27a72a9b8ed4d1cb3f72252fab87,Source
법령상 요구 또는 상대방의 서면 동의,101163c4f37a5830f0dbc8e7013f790b8add27a72a9b8ed4d1cb3f72252fab87,Source
비밀정보 공개 금지,101163c4f37a5830f0dbc8e7013f790b8add27a72a9b8ed4d1cb3f72252fab87,Source
각 당사자가 본 계약과 관련하여 취득한 상대방의 비밀정보를 제3자에게 공개하지 않는다.,101163c4f37a5830f0dbc8e7013f790b8add27a72a9b8ed4d1cb3f72252fab87,Source
법령상 요구되거나 상대방의 서면 동의가 있는 경우는 예외로 한다.,101163c4f37a5830f0dbc8e7013f790b8add27a72a9b8ed4d1cb3f72252fab87,Source
법령상 요구가 있거나 상대방의 서면 동의가 있다.,101163c4f37a5830f0dbc8e7013f790b8add27a72a9b8ed4d1cb3f72252fab87,Source
각 당사자가 비밀정보를 제3자에게 공개할 수 있다.,101163c4f37a5830f0dbc8e7013f790b8add27a72a9b8ed4d1cb3f72252fab87,Source
각 당사자는 본 계약과 관련하여 취득한 상대방의 비밀정보를 제3자에게 공개하지 않는다.,101163c4f37a5830f0dbc8e7013f790b8add27a72a9b8ed4d1cb3f72252fab87,Source
법령상 요구가 있는 경우 비밀정보 공개가 예외로 인정된다.,101163c4f37a5830f0dbc8e7013f790b8add27a72a9b8ed4d1cb3f72252fab87,Source
법령,101163c4f37a5830f0dbc8e7013f790b8add27a72a9b8ed4d1cb3f72252fab87,Source
비밀정보,101163c4f37a5830f0dbc8e7013f790b8add27a72a9b8ed4d1cb3f72252fab87,Source
상대방의 서면 동의가 있는 경우 비밀정보 공개가 예외로 인정된다.,101163c4f37a5830f0dbc8e7013f790b8add27a72a9b8ed4d1cb3f72252fab87,Source
거래종결 전,fd3eee5ad006f8b781751624345f69c7475d93061f74308a1c68134f1b550efc,Source
추가 실사,fd3eee5ad006f8b781751624345f69c7475d93061f74308a1c68134f1b550efc,Source
매수인은 거래종결 전 언제든지 추가 실사를 요청할 수 있다.,fd3eee5ad006f8b781751624345f69c7475d93061f74308a1c68134f1b550efc,Source
매수인은 추가 실사를 요청할 수 있다.,fd3eee5ad006f8b781751624345f69c7475d93061f74308a1c68134f1b550efc,Source
매도인은 이에 성실히 협조해야 한다.,fd3eee5ad006f8b781751624345f69c7475d93061f74308a1c68134f1b550efc,Source
매수인이 추가 실사를 요청한다.,fd3eee5ad006f8b781751624345f69c7475d93061f74308a1c68134f1b550efc,Source
매도인은 매수인의 추가 실사 요청에 성실히 협조해야 한다.,fd3eee5ad006f8b781751624345f69c7475d93061f74308a1c68134f1b550efc,Source
매매대금,5ad13c92dd18dc316e888c06bff8d8295338ffe3f5cdc7319c4c39d2efe2ddab,Source
현금,5ad13c92dd18dc316e888c06bff8d8295338ffe3f5cdc7319c4c39d2efe2ddab,Source
지급,5ad13c92dd18dc316e888c06bff8d8295338ffe3f5cdc7319c4c39d2efe2ddab,Source
매도인이 지정한 계좌,5ad13c92dd18dc316e888c06bff8d8295338ffe3f5cdc7319c4c39d2efe2ddab,Source
송금,5ad13c92dd18dc316e888c06bff8d8295338ffe3f5cdc7319c4c39d2efe2ddab,Source
매매대금은 거래종결일에 전액 현금으로 지급한다.,5ad13c92dd18dc316e888c06bff8d8295338ffe3f5cdc7319c4c39d2efe2ddab,Source
지급은 매도인이 지정한 계좌로 송금하는 방식으로 한다.,5ad13c92dd18dc316e888c06bff8d8295338ffe3f5cdc7319c4c39d2efe2ddab,Source
매수인은 거래종결일에 매매대금을 전액 현금으로 지급한다.,5ad13c92dd18dc316e888c06bff8d8295338ffe3f5cdc7319c4c39d2efe2ddab,Source
매수인은 매도인이 지정한 계좌로 매매대금을 송금한다.,5ad13c92dd18dc316e888c06bff8d8295338ffe3f5cdc7319c4c39d2efe2ddab,Source
대한민국 법률,76ae48a29a193ac20662304021cfac8f94d684b84362c12f09fc7cb012c8c7df,Source
분쟁,76ae48a29a193ac20662304021cfac8f94d684b84362c12f09fc7cb012c8c7df,Source
본 계약의 해석,76ae48a29a193ac20662304021cfac8f94d684b84362c12f09fc7cb012c8c7df,Source
본 계약의 해석에 대한 분쟁이 있을 경우,76ae48a29a193ac20662304021cfac8f94d684b84362c12f09fc7cb012c8c7df,Source
대한민국 법률에 따라 해석한다,76ae48a29a193ac20662304021cfac8f94d684b84362c12f09fc7cb012c8c7df,Source
본 계약의 해석에 대한 분쟁이 발생한다.,76ae48a29a193ac20662304021cfac8f94d684b84362c12f09fc7cb012c8c7df,Source
분쟁이 발생할 경우 본 계약을 대한민국 법률에 따라 해석한다.,76ae48a29a193ac20662304021cfac8f94d684b84362c12f09fc7cb012c8c7df,Source
매매계약이 체결된다.,9ab3deab8d73c371d9302dcc3c07a9f711c9f14a8680ea7872dcd7424220a9e0,Source
매매조건이 적용된다.,9ab3deab8d73c371d9302dcc3c07a9f711c9f14a8680ea7872dcd7424220a9e0,Source
제2장 매매조건이 언급된다.,9ab3deab8d73c371d9302dcc3c07a9f711c9f14a8680ea7872dcd7424220a9e0,Source
제2장,9ab3deab8d73c371d9302dcc3c07a9f711c9f14a8680ea7872dcd7424220a9e0,Source
매매조건,9ab3deab8d73c371d9302dcc3c07a9f711c9f14a8680ea7872dcd7424220a9e0,Source
매매주식에 대한 완전한 소유권,e5e71442c0b866d38db19e61437fc3e6c8169cc63b7abfedb58244b47953557d,Source
거래종결일이 도래한다.,e5e71442c0b866d38db19e61437fc3e6c8169cc63b7abfedb58244b47953557d,Source
매매주식에 대한 완전한 소유권을 매수인에게 이전한다.,e5e71442c0b866d38db19e61437fc3e6c8169cc63b7abfedb58244b47953557d,Source
거래종결일에 매매주식에 대한 완전한 소유권을 매수인에게 이전한다.,e5e71442c0b866d38db19e61437fc3e6c8169cc63b7abfedb58244b47953557d,Source
매수인은 매매주식의 완전한 소유권을 갖게 된다.,e5e71442c0b866d38db19e61437fc3e6c8169cc63b7abfedb58244b47953557d,Source
매도인은 매매주식에 대한 완전한 소유권을 매수인에게 이전한다.,e5e71442c0b866d38db19e61437fc3e6c8169cc63b7abfedb58244b47953557d,Source
경영 자문,ba2abf133cd3a09070f25818cca61c662d585101273edbf2fe569758451fe7b9,Source
매수인은 경영 자문을 요청할 수 있다.,ba2abf133cd3a09070f25818cca61c662d585101273edbf2fe569758451fe7b9,Source
거래가 종결된 후 6개월 이내이다.,ba2abf133cd3a09070f25818cca61c662d585101273edbf2fe569758451fe7b9,Source
매수인은 매도인에게 경영 자문을 요청할 수 있다.,ba2abf133cd3a09070f25818cca61c662d585101273edbf2fe569758451fe7b9,Source
매수인은 거래종결 후 6개월 내에 매도인에게 경영 자문을 요청할 수 있다.,ba2abf133cd3a09070f25818cca61c662d585101273edbf2fe569758451fe7b9,Source
운전자본,3c4b70425e4c99748e7898736b305dd08f3efccfad489583716cd833349dcce1,Source
매매대금 조정,3c4b70425e4c99748e7898736b305dd08f3efccfad489583716cd833349dcce1,Source
순부채,3c4b70425e4c99748e7898736b305dd08f3efccfad489583716cd833349dcce1,Source
제92조,3c4b70425e4c99748e7898736b305dd08f3efccfad489583716cd833349dcce1,Source
"운전자본, 순부채 등의 변동이 발생한다.",3c4b70425e4c99748e7898736b305dd08f3efccfad489583716cd833349dcce1,Source
매매대금이 조정된다.,3c4b70425e4c99748e7898736b305dd08f3efccfad489583716cd833349dcce1,Source
제92조에 정한 바에 따른다.,3c4b70425e4c99748e7898736b305dd08f3efccfad489583716cd833349dcce1,Source
매매대금 조정이 이루어진다.,3c4b70425e4c99748e7898736b305dd08f3efccfad489583716cd833349dcce1,Source
"운전자본, 순부채 등의 변동에 따라 매매대금이 조정된다.",3c4b70425e4c99748e7898736b305dd08f3efccfad489583716cd833349dcce1,Source
매매대금 조정은 제92조에 정한 바에 따라 이루어진다.,3c4b70425e4c99748e7898736b305dd08f3efccfad489583716cd833349dcce1,Source
"담보권, 제한, 부담도 없는 상태",bbfaeb864aecbf1cbe2ffca861f786e174952cc218bc9883af2ae22154582796,Source
"매매주식은 담보권, 제한, 부담이 없다.",bbfaeb864aecbf1cbe2ffca861f786e174952cc218bc9883af2ae22154582796,Source
매매주식이 양도된다.,bbfaeb864aecbf1cbe2ffca861f786e174952cc218bc9883af2ae22154582796,Source
"매매주식이 담보권, 제한, 부담 없이 양도되어야 한다.",bbfaeb864aecbf1cbe2ffca861f786e174952cc218bc9883af2ae22154582796,Source
대상회사에 대한 확인실사,1676412411165de05bf7bea48defad7913da45dba7afd3d5a4ed6b7e194b995a,Source
확인실사,1676412411165de05bf7bea48defad7913da45dba7afd3d5a4ed6b7e194b995a,Source
회계,1676412411165de05bf7bea48defad7913da45dba7afd3d5a4ed6b7e194b995a,Source
법무,1676412411165de05bf7bea48defad7913da45dba7afd3d5a4ed6b7e194b995a,Source
세무,1676412411165de05bf7bea48defad7913da45dba7afd3d5a4ed6b7e194b995a,Source
영업 전 분야,1676412411165de05bf7bea48defad7913da45dba7afd3d5a4ed6b7e194b995a,Source
하자나 문제점,1676412411165de05bf7bea48defad7913da45dba7afd3d5a4ed6b7e194b995a,Source
실사 과정,1676412411165de05bf7bea48defad7913da45dba7afd3d5a4ed6b7e194b995a,Source
매수인은 거래종결일로부터 30영업일 이내에 대상회사에 대한 확인실사를 수행할 수 있다.,1676412411165de05bf7bea48defad7913da45dba7afd3d5a4ed6b7e194b995a,Source
거래종결이 이루어진다.,1676412411165de05bf7bea48defad7913da45dba7afd3d5a4ed6b7e194b995a,Source
"확인실사는 회계, 법무, 세무, 영업 전 분야를 포함한다.",1676412411165de05bf7bea48defad7913da45dba7afd3d5a4ed6b7e194b995a,Source
매수인이 대상회사에 대한 확인실사를 수행한다.,1676412411165de05bf7bea48defad7913da45dba7afd3d5a4ed6b7e194b995a,Source
실사 과정에서 발견된 하자나 문제점은 문서화되어야 한다.,1676412411165de05bf7bea48defad7913da45dba7afd3d5a4ed6b7e194b995a,Source
실사 과정에서 하자나 문제점이 발견된다.,1676412411165de05bf7bea48defad7913da45dba7afd3d5a4ed6b7e194b995a,Source
하자,1676412411165de05bf7bea48defad7913da45dba7afd3d5a4ed6b7e194b995a,Source
문제점,1676412411165de05bf7bea48defad7913da45dba7afd3d5a4ed6b7e194b995a,Source
문서,1676412411165de05bf7bea48defad7913da45dba7afd3d5a4ed6b7e194b995a,Source
경쟁하는 사업,d2528ffc1d2420c849d5462f4d2c67b3f11c535d3b5ef9279e5eeb383ecf3f50,Source
거래종결일로부터 3년간,d2528ffc1d2420c849d5462f4d2c67b3f11c535d3b5ef9279e5eeb383ecf3f50,Source
매도인은 3년간 대상회사와 경쟁하는 사업을 영위하지 않는다.,d2528ffc1d2420c849d5462f4d2c67b3f11c535d3b5ef9279e5eeb383ecf3f50,Source
매도인은 거래종결일로부터 3년간 대상회사와 경쟁하는 사업을 영위하지 않는다.,d2528ffc1d2420c849d5462f4d2c67b3f11c535d3b5ef9279e5eeb383ecf3f50,Source
핵심 임직원,5f8dc13c0fce980d2d0232215dc61015dc2c7503a2716eb725a8bec102d6a272,Source
거래종결 후 최소 1년,5f8dc13c0fce980d2d0232215dc61015dc2c7503a2716eb725a8bec102d6a272,Source
대상회사의 핵심 임직원은 최소 1년간 근무를 유지하도록 최선의 노력을 다한다.,5f8dc13c0fce980d2d0232215dc61015dc2c7503a2716eb725a8bec102d6a272,Source
대상회사의 핵심 임직원이 거래종결 후 최소 1년간 근무를 유지하도록 최선의 노력을 다한다.,5f8dc13c0fce980d2d0232215dc61015dc2c7503a2716eb725a8bec102d6a272,Source
주요 고객과의 관계 원만한 유지,e1b3336221e031ea54723e382ded4a1043c848d5f2aa2e577930fc1b9c492c12,Source
매도인은 주요 고객과의 관계가 원만히 유지되도록 적극 협조한다.,e1b3336221e031ea54723e382ded4a1043c848d5f2aa2e577930fc1b9c492c12,Source
고객 관계가 유지된다.,e1b3336221e031ea54723e382ded4a1043c848d5f2aa2e577930fc1b9c492c12,Source
매도인이 주요 고객과의 관계가 원만히 유지되도록 적극 협조한다.,e1b3336221e031ea54723e382ded4a1043c848d5f2aa2e577930fc1b9c492c12,Source
주요 고객,e1b3336221e031ea54723e382ded4a1043c848d5f2aa2e577930fc1b9c492c12,Source
모든 라이선스와 허가,2c9e86c275b449fe8f5917dc2f0a1c71bc1c3fb960bbe4affcd86e3e2003c01c,Source
거래종결 후,2c9e86c275b449fe8f5917dc2f0a1c71bc1c3fb960bbe4affcd86e3e2003c01c,Source
대상회사가 보유한 모든 라이선스와 허가가 있다.,2c9e86c275b449fe8f5917dc2f0a1c71bc1c3fb960bbe4affcd86e3e2003c01c,Source
거래종결이 일어난다.,2c9e86c275b449fe8f5917dc2f0a1c71bc1c3fb960bbe4affcd86e3e2003c01c,Source
모든 라이선스와 허가가 유효하게 유지되어야 한다.,2c9e86c275b449fe8f5917dc2f0a1c71bc1c3fb960bbe4affcd86e3e2003c01c,Source
대상회사가 보유한 모든 라이선스와 허가는 거래종결 후에도 유효하게 유지되어야 한다.,2c9e86c275b449fe8f5917dc2f0a1c71bc1c3fb960bbe4affcd86e3e2003c01c,Source
모든 라이선스,2c9e86c275b449fe8f5917dc2f0a1c71bc1c3fb960bbe4affcd86e3e2003c01c,Source
모든 허가,2c9e86c275b449fe8f5917dc2f0a1c71bc1c3fb960bbe4affcd86e3e2003c01c,Source
거래종결,2c9e86c275b449fe8f5917dc2f0a1c71bc1c3fb960bbe4affcd86e3e2003c01c,Source
모든 보험계약,8dabb57ed3a91b4072f8b62d6ec1fc35d5313129468a60c31494a46db6a24d89,Source
거래종결일 현재,8dabb57ed3a91b4072f8b62d6ec1fc35d5313129468a60c31494a46db6a24d89,Source
적절한 보상한도,8dabb57ed3a91b4072f8b62d6ec1fc35d5313129468a60c31494a46db6a24d89,Source
대상회사의 모든 보험계약은 거래종결일 현재 유효하다.,8dabb57ed3a91b4072f8b62d6ec1fc35d5313129468a60c31494a46db6a24d89,Source
적절한 보상한도를 유지하고 있다.,8dabb57ed3a91b4072f8b62d6ec1fc35d5313129468a60c31494a46db6a24d89,Source
보험계약,8dabb57ed3a91b4072f8b62d6ec1fc35d5313129468a60c31494a46db6a24d89,Source
대상회사는 보험계약의 적절한 보상한도를 유지하고 있다.,8dabb57ed3a91b4072f8b62d6ec1fc35d5313129468a60c31494a46db6a24d89,Source
보상한도,8dabb57ed3a91b4072f8b62d6ec1fc35d5313129468a60c31494a46db6a24d89,Source
부동산,1c83443777d56185578ed57accf264a2bd7ad916d8b883bf89958f5c3482e75b,Source
부동산의 임대차계약,1c83443777d56185578ed57accf264a2bd7ad916d8b883bf89958f5c3482e75b,Source
임대차계약 상태,1c83443777d56185578ed57accf264a2bd7ad916d8b883bf89958f5c3482e75b,Source
대상회사가 사용하는 모든 부동산의 임대차계약은 정상적이다.,1c83443777d56185578ed57accf264a2bd7ad916d8b883bf89958f5c3482e75b,Source
대상회사가 사용하는 모든 부동산의 임대차계약은 유효하다.,1c83443777d56185578ed57accf264a2bd7ad916d8b883bf89958f5c3482e75b,Source
대상회사가 사용하는 모든 부동산의 임대차계약이 정상적이고 유효하다.,1c83443777d56185578ed57accf264a2bd7ad916d8b883bf89958f5c3482e75b,Source
대상회사가 사용하는 모든 부동산,1c83443777d56185578ed57accf264a2bd7ad916d8b883bf89958f5c3482e75b,Source
사업 운영에 필요한 모든 지적재산권,a1885d5764b56a58fdc86483346f1e023862ec07be084e6a1ca957c85189eb54,Source
대상회사는 사업 운영에 필요한 모든 지적재산권을 적법하게 보유하거나 사용할 권리를 가진다.,a1885d5764b56a58fdc86483346f1e023862ec07be084e6a1ca957c85189eb54,Source
대상회사는 사업을 운영할 수 있다.,a1885d5764b56a58fdc86483346f1e023862ec07be084e6a1ca957c85189eb54,Source
대상회사는 사업 운영에 필요한 모든 지적재산권을 적법하게 보유한다.,a1885d5764b56a58fdc86483346f1e023862ec07be084e6a1ca957c85189eb54,Source
지적재산권,a1885d5764b56a58fdc86483346f1e023862ec07be084e6a1ca957c85189eb54,Source
대상회사는 사업 운영에 필요한 모든 지적재산권을 사용할 권리를 가진다.,a1885d5764b56a58fdc86483346f1e023862ec07be084e6a1ca957c85189eb54,Source
본 계약상 권리의무,47cad76402a2dbc268aeb0b3f772ec105908996bd211e5658fa13e9c592cdb4a,Source
상대방의 사전 서면 동의,47cad76402a2dbc268aeb0b3f772ec105908996bd211e5658fa13e9c592cdb4a,Source
어느 당사자가 본 계약상 권리의무를 제3자에게 양도한다.,47cad76402a2dbc268aeb0b3f772ec105908996bd211e5658fa13e9c592cdb4a,Source
상대방의 사전 서면 동의를 받아야 한다.,47cad76402a2dbc268aeb0b3f772ec105908996bd211e5658fa13e9c592cdb4a,Source
어느 당사자가 상대방의 사전 서면 동의 없이 본 계약상 권리의무를 제3자에게 양도한다.,47cad76402a2dbc268aeb0b3f772ec105908996bd211e5658fa13e9c592cdb4a,Source
계약상 권리의무의 양도가 허용되지 않는다.,47cad76402a2dbc268aeb0b3f772ec105908996bd211e5658fa13e9c592cdb4a,Source
계약의 당사자가 상대방의 사전 서면 동의 없이 본 계약상 권리의무를 제3자에게 양도할 수 없다.,47cad76402a2dbc268aeb0b3f772ec105908996bd211e5658fa13e9c592cdb4a,Source
계약의 당사자,47cad76402a2dbc268aeb0b3f772ec105908996bd211e5658fa13e9c592cdb4a,Source
환경 관련 법규,c5bcbe94e51067aea341d989fec71f7d13f370269ce1976fcb89f507f6c834f3,Source
환경 관련 소송 및 분쟁,c5bcbe94e51067aea341d989fec71f7d13f370269ce1976fcb89f507f6c834f3,Source
대상회사는 모든 환경 관련 법규를 준수하고 있다.,c5bcbe94e51067aea341d989fec71f7d13f370269ce1976fcb89f507f6c834f3,Source
환경 관련 소송이나 분쟁이 없다.,c5bcbe94e51067aea341d989fec71f7d13f370269ce1976fcb89f507f6c834f3,Source
대상회사는 환경 관련 소송이나 분쟁이 없다.,c5bcbe94e51067aea341d989fec71f7d13f370269ce1976fcb89f507f6c834f3,Source
환경 관련 소송,c5bcbe94e51067aea341d989fec71f7d13f370269ce1976fcb89f507f6c834f3,Source
환경 관련 분쟁,c5bcbe94e51067aea341d989fec71f7d13f370269ce1976fcb89f507f6c834f3,Source
개인정보보호법,70a29479f7f95cf0506bee07bf63f74dac4fbc4088a55d67c3e2bc37d88c98e2,Source
데이터 보호 관련 법규,70a29479f7f95cf0506bee07bf63f74dac4fbc4088a55d67c3e2bc37d88c98e2,Source
대상회사는 개인정보보호법 등 데이터 보호 관련 법규를 완전히 준수한다.,70a29479f7f95cf0506bee07bf63f74dac4fbc4088a55d67c3e2bc37d88c98e2,Source
데이터 보호가 이루어진다.,70a29479f7f95cf0506bee07bf63f74dac4fbc4088a55d67c3e2bc37d88c98e2,Source
통상의 영업과정에 따라,106a0a6c6d41d7299d660edcb1a3135d3fed20443c2e3bea5afff858400c9c5a,Source
운영,106a0a6c6d41d7299d660edcb1a3135d3fed20443c2e3bea5afff858400c9c5a,Source
거래종결일까지,106a0a6c6d41d7299d660edcb1a3135d3fed20443c2e3bea5afff858400c9c5a,Source
매도인은 거래종결일까지 대상회사를 통상의 영업과정에 따라 운영한다.,106a0a6c6d41d7299d660edcb1a3135d3fed20443c2e3bea5afff858400c9c5a,Source
대상회사 관련 정보,639043283c4602e053ce8e3df1c62f1f5bc15cbd011aa9e8f7442b18605752f8,Source
매수인이 대상회사 관련 정보를 합리적으로 요청한다.,639043283c4602e053ce8e3df1c62f1f5bc15cbd011aa9e8f7442b18605752f8,Source
매도인은 매수인이 요청한 정보를 신속히 제공한다.,639043283c4602e053ce8e3df1c62f1f5bc15cbd011aa9e8f7442b18605752f8,Source
매수인이 대상회사 관련 정보를 합리적으로 요청한다,639043283c4602e053ce8e3df1c62f1f5bc15cbd011aa9e8f7442b18605752f8,Source
매도인이 매수인에게 대상회사 관련 정보를 신속히 제공한다,639043283c4602e053ce8e3df1c62f1f5bc15cbd011aa9e8f7442b18605752f8,Source
하자담보책임,4dca5ce7a0c9c62466ac3e9f6b1766153274c4703ca0bae4b0794e430913de26,Source
거래종결일로부터 60일간,4dca5ce7a0c9c62466ac3e9f6b1766153274c4703ca0bae4b0794e430913de26,Source
조세 관련 사항,4dca5ce7a0c9c62466ac3e9f6b1766153274c4703ca0bae4b0794e430913de26,Source
공소시효 만료일까지,4dca5ce7a0c9c62466ac3e9f6b1766153274c4703ca0bae4b0794e430913de26,Source
소유권 관련 사항,4dca5ce7a0c9c62466ac3e9f6b1766153274c4703ca0bae4b0794e430913de26,Source
무기한,4dca5ce7a0c9c62466ac3e9f6b1766153274c4703ca0bae4b0794e430913de26,Source
하자담보책임의 청구,4dca5ce7a0c9c62466ac3e9f6b1766153274c4703ca0bae4b0794e430913de26,Source
거래종결일이 발생한다.,4dca5ce7a0c9c62466ac3e9f6b1766153274c4703ca0bae4b0794e430913de26,Source
매도인의 진술보증 위반에 대한 하자담보책임이 60일간 유효하다.,4dca5ce7a0c9c62466ac3e9f6b1766153274c4703ca0bae4b0794e430913de26,Source
조세 관련 사항에 대한 하자담보책임이 발생한다.,4dca5ce7a0c9c62466ac3e9f6b1766153274c4703ca0bae4b0794e430913de26,Source
그 책임 기간이 공소시효 만료일까지 유효하다.,4dca5ce7a0c9c62466ac3e9f6b1766153274c4703ca0bae4b0794e430913de26,Source
소유권 관련 사항에 대한 하자담보책임이 발생한다.,4dca5ce7a0c9c62466ac3e9f6b1766153274c4703ca0bae4b0794e430913de26,Source
그 책임 기간이 무기한 유효하다.,4dca5ce7a0c9c62466ac3e9f6b1766153274c4703ca0bae4b0794e430913de26,Source
하자담보책임의 청구가 이루어진다.,4dca5ce7a0c9c62466ac3e9f6b1766153274c4703ca0bae4b0794e430913de26,Source
본 계약에 정한 절차를 따라야 한다.,4dca5ce7a0c9c62466ac3e9f6b1766153274c4703ca0bae4b0794e430913de26,Source
매도인의 진술보증 위반에 대한 하자담보책임은 거래종결일로부터 60일간 유효하다.,4dca5ce7a0c9c62466ac3e9f6b1766153274c4703ca0bae4b0794e430913de26,Source
진술보증,4dca5ce7a0c9c62466ac3e9f6b1766153274c4703ca0bae4b0794e430913de26,Source
조세 관련 사항에 대한 하자담보책임은 공소시효 만료일까지 유효하다.,4dca5ce7a0c9c62466ac3e9f6b1766153274c4703ca0bae4b0794e430913de26,Source
공소시효,4dca5ce7a0c9c62466ac3e9f6b1766153274c4703ca0bae4b0794e430913de26,Source
소유권 관련 사항에 대한 하자담보책임은 무기한 유효하다.,4dca5ce7a0c9c62466ac3e9f6b1766153274c4703ca0bae4b0794e430913de26,Source
하자담보책임의 청구는 본 계약에 정한 절차에 따라야 한다.,4dca5ce7a0c9c62466ac3e9f6b1766153274c4703ca0bae4b0794e430913de26,Source
절차,4dca5ce7a0c9c62466ac3e9f6b1766153274c4703ca0bae4b0794e430913de26,Source
외부 전문가,5954a34526e4427d4d33acff8f7ca5c0810eb8ff4dff52cf8bc9d3b389561d92,Source
실사,5954a34526e4427d4d33acff8f7ca5c0810eb8ff4dff52cf8bc9d3b389561d92,Source
매수인은 필요시 외부 전문가를 선임한다.,5954a34526e4427d4d33acff8f7ca5c0810eb8ff4dff52cf8bc9d3b389561d92,Source
매수인은 실사를 수행할 수 있다.,5954a34526e4427d4d33acff8f7ca5c0810eb8ff4dff52cf8bc9d3b389561d92,Source
매수인은 외부 전문가를 선임할 수 있다.,5954a34526e4427d4d33acff8f7ca5c0810eb8ff4dff52cf8bc9d3b389561d92,Source
자신의 비용,3e7c1205e96f0a60837a40d5cff73cd61f97614a5c36c89f61b2208db37baa8b,Source
본 거래와 관련,3e7c1205e96f0a60837a40d5cff73cd61f97614a5c36c89f61b2208db37baa8b,Source
각 당사자가 본 거래와 관련하여 비용을 부담한다,3e7c1205e96f0a60837a40d5cff73cd61f97614a5c36c89f61b2208db37baa8b,Source
각 당사자는 자신의 비용을 부담한다,3e7c1205e96f0a60837a40d5cff73cd61f97614a5c36c89f61b2208db37baa8b,Source
각 당사자는 본 거래와 관련하여 발생한 자신의 비용을 부담한다.,3e7c1205e96f0a60837a40d5cff73cd61f97614a5c36c89f61b2208db37baa8b,Source
본 거래,3e7c1205e96f0a60837a40d5cff73cd61f97614a5c36c89f61b2208db37baa8b,Source
제3장 진술 및 보증이 명시되어 있다.,4880b93c63121bdd9b0d31c3d82d187b4e91cc35cf6ada6a7631ada21ecac837,Source
계약 당사자는 해당 장의 내용을 확인한다.,4880b93c63121bdd9b0d31c3d82d187b4e91cc35cf6ada6a7631ada21ecac837,Source
계약의 진술 및 보증에 동의하게 된다.,4880b93c63121bdd9b0d31c3d82d187b4e91cc35cf6ada6a7631ada21ecac837,Source
다음 사항이 진실하고 정확함,72cbfadae9575816e29a1e0c102a403fbc37c90ab21c618accedb850d35e2deb,Source
본 계약 체결일 및 거래종결일 현재,72cbfadae9575816e29a1e0c102a403fbc37c90ab21c618accedb850d35e2deb,Source
본 계약이 체결된다,72cbfadae9575816e29a1e0c102a403fbc37c90ab21c618accedb850d35e2deb,Source
매도인은 다음 사항이 진실하고 정확함을 진술하고 보증한다,72cbfadae9575816e29a1e0c102a403fbc37c90ab21c618accedb850d35e2deb,Source
거래종결일이 도래한다,72cbfadae9575816e29a1e0c102a403fbc37c90ab21c618accedb850d35e2deb,Source
매도인은 본 계약 체결일 및 거래종결일 현재 다음 사항이 진실하고 정확함을 진술하고 보증한다.,72cbfadae9575816e29a1e0c102a403fbc37c90ab21c618accedb850d35e2deb,Source
계약 체결일,72cbfadae9575816e29a1e0c102a403fbc37c90ab21c618accedb850d35e2deb,Source
다음 사항,72cbfadae9575816e29a1e0c102a403fbc37c90ab21c618accedb850d35e2deb,Source
처분권한,7f7dd562d05f863c4a6588e6a697063c43b65beec5db7b83901ea8e7206d4f7d,Source
매도인은 매매주식의 적법하고 완전한 소유자이다.,7f7dd562d05f863c4a6588e6a697063c43b65beec5db7b83901ea8e7206d4f7d,Source
매도인은 매매주식의 처분권한을 가진다.,7f7dd562d05f863c4a6588e6a697063c43b65beec5db7b83901ea8e7206d4f7d,Source
매도인은 매매주식에 대한 처분권한을 가진다.,7f7dd562d05f863c4a6588e6a697063c43b65beec5db7b83901ea8e7206d4f7d,Source
재무제표,fa90cb303239540499bd3bec0aa243a5b653150a0005f512d596465595037103,Source
한국채택국제회계기준,fa90cb303239540499bd3bec0aa243a5b653150a0005f512d596465595037103,Source
중요한 측면,fa90cb303239540499bd3bec0aa243a5b653150a0005f512d596465595037103,Source
제공된 대상회사의 재무제표는 한국채택국제회계기준에 따라 작성되었다.,fa90cb303239540499bd3bec0aa243a5b653150a0005f512d596465595037103,Source
제공된 대상회사의 재무제표는 중요한 측면에서 정확하다.,fa90cb303239540499bd3bec0aa243a5b653150a0005f512d596465595037103,Source
대상회사의 재무제표가 한국채택국제회계기준에 따라 작성되었다.,fa90cb303239540499bd3bec0aa243a5b653150a0005f512d596465595037103,Source
대상회사의 재무제표가 중요한 측면에서 정확하다.,fa90cb303239540499bd3bec0aa243a5b653150a0005f512d596465595037103,Source
부채,94d63b451638ab6c854a020cb3f506dda88261f84f543795917d5cd1a1956d99,Source
중요한 부채,94d63b451638ab6c854a020cb3f506dda88261f84f543795917d5cd1a1956d99,Source
우발채무,94d63b451638ab6c854a020cb3f506dda88261f84f543795917d5cd1a1956d99,Source
재무제표에 기재된 것 외에 대상회사의 중요한 부채나 우발채무는 없다.,94d63b451638ab6c854a020cb3f506dda88261f84f543795917d5cd1a1956d99,Source
대상회사의 중요한 부채나 우발채무가 발견되지 않는다.,94d63b451638ab6c854a020cb3f506dda88261f84f543795917d5cd1a1956d99,Source
대상회사의 중요한 부채나 우발채무가 재무제표에 기재된 것 외에는 존재하지 않는다.,94d63b451638ab6c854a020cb3f506dda88261f84f543795917d5cd1a1956d99,Source
중요한 소송,2c43bf073926e8a184278e1fd1e88a9f5915f042b95584569de6d66bb768fd50,Source
중재,2c43bf073926e8a184278e1fd1e88a9f5915f042b95584569de6d66bb768fd50,Source
행정절차,2c43bf073926e8a184278e1fd1e88a9f5915f042b95584569de6d66bb768fd50,Source
"대상회사를 상대로 하거나 대상회사가 당사자인 중요한 소송, 중재, 행정절차가 없다.",2c43bf073926e8a184278e1fd1e88a9f5915f042b95584569de6d66bb768fd50,Source
현재 대상회사를 둘러싼 법적 분쟁이 존재하지 않는다.,2c43bf073926e8a184278e1fd1e88a9f5915f042b95584569de6d66bb768fd50,Source
대상회사를 상대로 중요한 소송이 없다.,2c43bf073926e8a184278e1fd1e88a9f5915f042b95584569de6d66bb768fd50,Source
대상회사가 당사자인 중요한 소송이 없다.,2c43bf073926e8a184278e1fd1e88a9f5915f042b95584569de6d66bb768fd50,Source
대상회사와 관련된 중요한 중재가 없다.,2c43bf073926e8a184278e1fd1e88a9f5915f042b95584569de6d66bb768fd50,Source
대상회사와 관련된 중요한 행정절차가 없다.,2c43bf073926e8a184278e1fd1e88a9f5915f042b95584569de6d66bb768fd50,Source
모든 중요한 계약,37ef819579bbadeb25b46e2e9180316ada497ef1128223beef87a3c6f99367c5,Source
계약 상대방,37ef819579bbadeb25b46e2e9180316ada497ef1128223beef87a3c6f99367c5,Source
대상회사는 모든 중요한 계약을 위반한 사실이 없다.,37ef819579bbadeb25b46e2e9180316ada497ef1128223beef87a3c6f99367c5,Source
계약 상대방으로부터 위반 통지를 받은 바 없다.,37ef819579bbadeb25b46e2e9180316ada497ef1128223beef87a3c6f99367c5,Source
중요한 계약,37ef819579bbadeb25b46e2e9180316ada497ef1128223beef87a3c6f99367c5,Source
대상회사는 계약 상대방으로부터 위반 통지를 받은 바 없다.,37ef819579bbadeb25b46e2e9180316ada497ef1128223beef87a3c6f99367c5,Source
위반 통지,37ef819579bbadeb25b46e2e9180316ada497ef1128223beef87a3c6f99367c5,Source
사업과 관련된 모든 법령,710086a4873de6cfe1a628bfe3eb5bd86f4b4cb90c0fbfcd8286fa67178f9dc3,Source
사업과 관련된 모든 규정,710086a4873de6cfe1a628bfe3eb5bd86f4b4cb90c0fbfcd8286fa67178f9dc3,Source
"대상회사는 사업과 관련된 모든 법령, 규정을 중요한 측면에서 준수하고 있다.",710086a4873de6cfe1a628bfe3eb5bd86f4b4cb90c0fbfcd8286fa67178f9dc3,Source
대상회사는 법규 위반에 따른 제재를 받지 않는다.,710086a4873de6cfe1a628bfe3eb5bd86f4b4cb90c0fbfcd8286fa67178f9dc3,Source
"대상회사는 사업과 관련된 모든 법령, 규정을 준수하고 있다.",710086a4873de6cfe1a628bfe3eb5bd86f4b4cb90c0fbfcd8286fa67178f9dc3,Source
규정,710086a4873de6cfe1a628bfe3eb5bd86f4b4cb90c0fbfcd8286fa67178f9dc3,Source
모든 세금,45fdae8b62129e468087bb758216b0a69f44412cbfdda3482ec1373124a914bb,Source
진행 중인 세무조사,45fdae8b62129e468087bb758216b0a69f44412cbfdda3482ec1373124a914bb,Source
진행 중인 세무분쟁,45fdae8b62129e468087bb758216b0a69f44412cbfdda3482ec1373124a914bb,Source
대상회사는 모든 세금을 적시에 신고·납부했다.,45fdae8b62129e468087bb758216b0a69f44412cbfdda3482ec1373124a914bb,Source
진행 중인 세무조사나 분쟁이 없다.,45fdae8b62129e468087bb758216b0a69f44412cbfdda3482ec1373124a914bb,Source
대상회사가 모든 세금을 적시에 신고·납부했다.,45fdae8b62129e468087bb758216b0a69f44412cbfdda3482ec1373124a914bb,Source
세금,45fdae8b62129e468087bb758216b0a69f44412cbfdda3482ec1373124a914bb,Source
대상회사에 진행 중인 세무조사가 없다.,45fdae8b62129e468087bb758216b0a69f44412cbfdda3482ec1373124a914bb,Source
세무조사,45fdae8b62129e468087bb758216b0a69f44412cbfdda3482ec1373124a914bb,Source
대상회사에 진행 중인 분쟁이 없다.,45fdae8b62129e468087bb758216b0a69f44412cbfdda3482ec1373124a914bb,Source
노동 관련 법규,fd50ba54ac079f87af53eac31fad7d1085e09925da9125844430a8c180f46517,Source
노동조합과의 단체협약,fd50ba54ac079f87af53eac31fad7d1085e09925da9125844430a8c180f46517,Source
대상회사는 노동 관련 법규를 준수한다.,fd50ba54ac079f87af53eac31fad7d1085e09925da9125844430a8c180f46517,Source
대상회사는 노동조합과의 단체협약을 위반한 바 없다.,fd50ba54ac079f87af53eac31fad7d1085e09925da9125844430a8c180f46517,Source
대상회사가 노동 관련 법규를 준수한다.,fd50ba54ac079f87af53eac31fad7d1085e09925da9125844430a8c180f46517,Source
대상회사가 노동조합과의 단체협약을 위반한 적이 없다.,fd50ba54ac079f87af53eac31fad7d1085e09925da9125844430a8c180f46517,Source
노동조합,fd50ba54ac079f87af53eac31fad7d1085e09925da9125844430a8c180f46517,Source
단체협약,fd50ba54ac079f87af53eac31fad7d1085e09925da9125844430a8c180f46517,Source
대상회사의 모든 중요 자산,b9e0caea26c9e033b0d14a50c6379cba3999ded0b9a03c35d860727860694cf2,Source
양호한 상태,b9e0caea26c9e033b0d14a50c6379cba3999ded0b9a03c35d860727860694cf2,Source
정상적으로,b9e0caea26c9e033b0d14a50c6379cba3999ded0b9a03c35d860727860694cf2,Source
대상회사의 모든 중요 자산은 양호한 상태로 유지되고 있다.,b9e0caea26c9e033b0d14a50c6379cba3999ded0b9a03c35d860727860694cf2,Source
자산이 정상적으로 운영되고 있다.,b9e0caea26c9e033b0d14a50c6379cba3999ded0b9a03c35d860727860694cf2,Source
대상회사의 모든 중요 자산이 양호한 상태로 유지되고 있다.,b9e0caea26c9e033b0d14a50c6379cba3999ded0b9a03c35d860727860694cf2,Source
중요 자산,b9e0caea26c9e033b0d14a50c6379cba3999ded0b9a03c35d860727860694cf2,Source
대상회사의 모든 중요 자산이 정상적으로 운영되고 있다.,b9e0caea26c9e033b0d14a50c6379cba3999ded0b9a03c35d860727860694cf2,Source
중요 계약,fdb38a9aa5041bc160262fa38b481a5d156c662513446c5289a9a2fcea13bff3,Source
연간 1억원 이상의 중요 계약,fdb38a9aa5041bc160262fa38b481a5d156c662513446c5289a9a2fcea13bff3,Source
실사 과정에서 공개되지 않은 계약,fdb38a9aa5041bc160262fa38b481a5d156c662513446c5289a9a2fcea13bff3,Source
실사 과정에서 계약 관련 정보가 공개되었다.,fdb38a9aa5041bc160262fa38b481a5d156c662513446c5289a9a2fcea13bff3,Source
공개된 것 외에 연간 1억원 이상의 중요 계약이 없다고 확인되었다.,fdb38a9aa5041bc160262fa38b481a5d156c662513446c5289a9a2fcea13bff3,Source
실사 과정에서 일부 계약이 공개되었다.,fdb38a9aa5041bc160262fa38b481a5d156c662513446c5289a9a2fcea13bff3,Source
연간 1억원 이상의 중요 계약은 존재하지 않는다.,fdb38a9aa5041bc160262fa38b481a5d156c662513446c5289a9a2fcea13bff3,Source
본 계약을 체결하고 이행할 완전한 권한과 능력,eeeeb2e40a715f769650d297d1504e75a1cb0713600e00e7cb58c929c72633db,Source
매수인은 본 계약을 체결할 완전한 권한과 능력을 보유한다.,eeeeb2e40a715f769650d297d1504e75a1cb0713600e00e7cb58c929c72633db,Source
매수인은 본 계약을 체결한다.,eeeeb2e40a715f769650d297d1504e75a1cb0713600e00e7cb58c929c72633db,Source
매수인은 본 계약을 이행한다.,eeeeb2e40a715f769650d297d1504e75a1cb0713600e00e7cb58c929c72633db,Source
매수인은 본 계약을 이행할 완전한 권한과 능력을 보유한다.,eeeeb2e40a715f769650d297d1504e75a1cb0713600e00e7cb58c929c72633db,Source
매매대금 지급에 필요한 충분한 자금 확보,8f4e13ba0278eb4be7229c61098f9c877b7f14a59df8dcd8509299d0614af09e,Source
매수인은 매매대금 지급에 필요한 충분한 자금을 확보했음을 확인한다.,8f4e13ba0278eb4be7229c61098f9c877b7f14a59df8dcd8509299d0614af09e,Source
매수인은 매매대금을 지급한다.,8f4e13ba0278eb4be7229c61098f9c877b7f14a59df8dcd8509299d0614af09e,Source
매도인의 진술보증,fd3ed50c9c595c42256f6a60149a6cdd155957cd6b496172eb804db8f039873c,Source
매수인이 실사 과정에서 실제로 인지한 사항,fd3ed50c9c595c42256f6a60149a6cdd155957cd6b496172eb804db8f039873c,Source
매수인이 실사 과정에서 실제로 어떤 사항을 인지한다.,fd3ed50c9c595c42256f6a60149a6cdd155957cd6b496172eb804db8f039873c,Source
매도인의 진술보증은 그 사항에 적용되지 않는다.,fd3ed50c9c595c42256f6a60149a6cdd155957cd6b496172eb804db8f039873c,Source
매도인의 진술보증은 매수인이 실사 과정에서 실제로 인지한 사항에는 적용되지 않는다.,fd3ed50c9c595c42256f6a60149a6cdd155957cd6b496172eb804db8f039873c,Source
데이터룸,96d2980cb3927cc5c7aec7eb86bc196fbbb7b016760c89e1c96d863307e5246b,Source
모든 정보,96d2980cb3927cc5c7aec7eb86bc196fbbb7b016760c89e1c96d863307e5246b,Source
데이터룸을 통해 정보가 공개된다.,96d2980cb3927cc5c7aec7eb86bc196fbbb7b016760c89e1c96d863307e5246b,Source
모든 정보는 중요한 측면에서 정확하고 완전하다.,96d2980cb3927cc5c7aec7eb86bc196fbbb7b016760c89e1c96d863307e5246b,Source
데이터룸을 통해 모든 정보가 공개된다.,96d2980cb3927cc5c7aec7eb86bc196fbbb7b016760c89e1c96d863307e5246b,Source
공개된 모든 정보는 중요한 측면에서 정확하다.,96d2980cb3927cc5c7aec7eb86bc196fbbb7b016760c89e1c96d863307e5246b,Source
공개된 모든 정보,96d2980cb3927cc5c7aec7eb86bc196fbbb7b016760c89e1c96d863307e5246b,Source
공개된 모든 정보는 중요한 측면에서 완전하다.,96d2980cb3927cc5c7aec7eb86bc196fbbb7b016760c89e1c96d863307e5246b,Source
진술보증 사항,d3c1c85b91d9f3c6855bebfac5279ea7fe1a2d0a1ca70d4b9426064f881861ea,Source
중요한 변경,d3c1c85b91d9f3c6855bebfac5279ea7fe1a2d0a1ca70d4b9426064f881861ea,Source
진술보증 사항에 중요한 변경이 발생한다.,d3c1c85b91d9f3c6855bebfac5279ea7fe1a2d0a1ca70d4b9426064f881861ea,Source
각 당사자는 즉시 상대방에게 통지한다.,d3c1c85b91d9f3c6855bebfac5279ea7fe1a2d0a1ca70d4b9426064f881861ea,Source
각 당사자는 진술보증 사항에 중요한 변경이 발생할 경우 즉시 상대방에게 통지한다.,d3c1c85b91d9f3c6855bebfac5279ea7fe1a2d0a1ca70d4b9426064f881861ea,Source
통지,219ad8b0a9eaf29588ea88adb23433cd97f9dea7dc019eeb848a925052071e16,Source
하자의 구체적 내용,219ad8b0a9eaf29588ea88adb23433cd97f9dea7dc019eeb848a925052071e16,Source
예상 손해액,219ad8b0a9eaf29588ea88adb23433cd97f9dea7dc019eeb848a925052071e16,Source
통지 기한을 도과한 청구,219ad8b0a9eaf29588ea88adb23433cd97f9dea7dc019eeb848a925052071e16,Source
청구,219ad8b0a9eaf29588ea88adb23433cd97f9dea7dc019eeb848a925052071e16,Source
매수인이 하자를 발견한다.,219ad8b0a9eaf29588ea88adb23433cd97f9dea7dc019eeb848a925052071e16,Source
매수인은 14일 이내에 매도인에게 서면으로 통지해야 한다.,219ad8b0a9eaf29588ea88adb23433cd97f9dea7dc019eeb848a925052071e16,Source
매수인은 매도인에게 하자를 서면으로 통지한다.,219ad8b0a9eaf29588ea88adb23433cd97f9dea7dc019eeb848a925052071e16,Source
통지에는 하자의 구체적 내용과 예상 손해액이 포함된다.,219ad8b0a9eaf29588ea88adb23433cd97f9dea7dc019eeb848a925052071e16,Source
통지 기한을 넘겨 청구한다.,219ad8b0a9eaf29588ea88adb23433cd97f9dea7dc019eeb848a925052071e16,Source
청구는 효력이 없다.,219ad8b0a9eaf29588ea88adb23433cd97f9dea7dc019eeb848a925052071e16,Source
매수인은 하자를 발견한 날로부터 14일 이내에 매도인에게 서면으로 통지해야 한다.,219ad8b0a9eaf29588ea88adb23433cd97f9dea7dc019eeb848a925052071e16,Source
통지에는 하자의 구체적 내용과 예상 손해액이 포함되어야 한다.,219ad8b0a9eaf29588ea88adb23433cd97f9dea7dc019eeb848a925052071e16,Source
통지 기한을 도과한 청구는 효력이 없다.,219ad8b0a9eaf29588ea88adb23433cd97f9dea7dc019eeb848a925052071e16,Source
통지 기한,219ad8b0a9eaf29588ea88adb23433cd97f9dea7dc019eeb848a925052071e16,Source
제공한 모든 정보의 정확성을 위해 최선을 다함,3e02090f44517ea5b8662e55b20e199d4ae70ee88eec0e25633626256cf21ebe,Source
매도인은 제공한 모든 정보의 정확성을 위해 최선을 다했다.,3e02090f44517ea5b8662e55b20e199d4ae70ee88eec0e25633626256cf21ebe,Source
매도인은 제공한 모든 정보의 정확성을 확인한다.,3e02090f44517ea5b8662e55b20e199d4ae70ee88eec0e25633626256cf21ebe,Source
매도인은 제공한 모든 정보의 정확성을 위해 최선을 다했음을 확인한다.,3e02090f44517ea5b8662e55b20e199d4ae70ee88eec0e25633626256cf21ebe,Source
제공한 모든 정보,3e02090f44517ea5b8662e55b20e199d4ae70ee88eec0e25633626256cf21ebe,Source
재무 정보,83af75281cb57ae5310adbf9a33966796228ed6a2376798a8edee01edf7c5d07,Source
일관된 회계 기준,83af75281cb57ae5310adbf9a33966796228ed6a2376798a8edee01edf7c5d07,Source
모든 재무 정보는 일관된 회계 기준에 따라 작성되었다.,83af75281cb57ae5310adbf9a33966796228ed6a2376798a8edee01edf7c5d07,Source
회계 기준이 일관되게 적용되었다.,83af75281cb57ae5310adbf9a33966796228ed6a2376798a8edee01edf7c5d07,Source
모든 재무 정보가 일관된 회계 기준에 따라 작성되었다.,83af75281cb57ae5310adbf9a33966796228ed6a2376798a8edee01edf7c5d07,Source
회계 기준,83af75281cb57ae5310adbf9a33966796228ed6a2376798a8edee01edf7c5d07,Source
사업계획 및 예측,deffa3cfedff39155176119df3a45c9878df24587e32d29a761edeec49d39396,Source
합리적인 가정에 기초하여 성실하게 작성된 상태,deffa3cfedff39155176119df3a45c9878df24587e32d29a761edeec49d39396,Source
합리적인 가정에 기초한다.,deffa3cfedff39155176119df3a45c9878df24587e32d29a761edeec49d39396,Source
사업계획 및 예측을 성실하게 작성한다.,deffa3cfedff39155176119df3a45c9878df24587e32d29a761edeec49d39396,Source
제공된 사업계획 및 예측이 성실하게 작성된다.,deffa3cfedff39155176119df3a45c9878df24587e32d29a761edeec49d39396,Source
사업계획 및 예측이 합리적인 가정에 기초하여 성실하게 작성되었다.,deffa3cfedff39155176119df3a45c9878df24587e32d29a761edeec49d39396,Source
사업계획,deffa3cfedff39155176119df3a45c9878df24587e32d29a761edeec49d39396,Source
예측,deffa3cfedff39155176119df3a45c9878df24587e32d29a761edeec49d39396,Source
제3장 거래과정이 완료된다.,dad4ef248de3cfd31070402e12fa80508a2342b1fda621a845664f61c2b62a31,Source
제4장 거래종결이 진행된다.,dad4ef248de3cfd31070402e12fa80508a2342b1fda621a845664f61c2b62a31,Source
제4장 거래종결이 시작된다.,dad4ef248de3cfd31070402e12fa80508a2342b1fda621a845664f61c2b62a31,Source
제4장,dad4ef248de3cfd31070402e12fa80508a2342b1fda621a845664f61c2b62a31,Source
본 계약 체결일로부터 30일 이내,00aaed7093b761d1abcc50bc416ec1030b33b6666b8572dbcfa45e25ef4282da,Source
당사자들이 합의한 날,00aaed7093b761d1abcc50bc416ec1030b33b6666b8572dbcfa45e25ef4282da,Source
거래종결은 본 계약 체결일로부터 30일 이내에 이루어진다.,00aaed7093b761d1abcc50bc416ec1030b33b6666b8572dbcfa45e25ef4282da,Source
거래종결은 당사자들이 합의한 날에 이루어진다.,00aaed7093b761d1abcc50bc416ec1030b33b6666b8572dbcfa45e25ef4282da,Source
당사자들,00aaed7093b761d1abcc50bc416ec1030b33b6666b8572dbcfa45e25ef4282da,Source
조건 충족 시,79110bdd2c8c1c084f706014cbd5839671d693940a6c31fa89aaa4f8ee0265a4,Source
조건,79110bdd2c8c1c084f706014cbd5839671d693940a6c31fa89aaa4f8ee0265a4,Source
정부 승인,79110bdd2c8c1c084f706014cbd5839671d693940a6c31fa89aaa4f8ee0265a4,Source
필요한 경우,79110bdd2c8c1c084f706014cbd5839671d693940a6c31fa89aaa4f8ee0265a4,Source
매도인의 진술보증이 중요한 측면에서 정확하다,79110bdd2c8c1c084f706014cbd5839671d693940a6c31fa89aaa4f8ee0265a4,Source
매수인의 거래종결 의무가 발생한다,79110bdd2c8c1c084f706014cbd5839671d693940a6c31fa89aaa4f8ee0265a4,Source
중요한 부정적 변동이 없다,79110bdd2c8c1c084f706014cbd5839671d693940a6c31fa89aaa4f8ee0265a4,Source
필요한 정부 승인을 취득한다,79110bdd2c8c1c084f706014cbd5839671d693940a6c31fa89aaa4f8ee0265a4,Source
매도인의 진술보증이 중요한 측면에서 정확해야 한다.,79110bdd2c8c1c084f706014cbd5839671d693940a6c31fa89aaa4f8ee0265a4,Source
필요한 정부 승인을 취득해야 한다.,79110bdd2c8c1c084f706014cbd5839671d693940a6c31fa89aaa4f8ee0265a4,Source
정부,79110bdd2c8c1c084f706014cbd5839671d693940a6c31fa89aaa4f8ee0265a4,Source
위 조건들이 충족되어야 매수인의 거래종결 의무가 발생한다.,79110bdd2c8c1c084f706014cbd5839671d693940a6c31fa89aaa4f8ee0265a4,Source
매수인의 진술보증,889c660978a897f82bc04571a0eb47965146d76f269cb9f2c043fd0b04679a95,Source
매도인의 거래종결 의무 발생,889c660978a897f82bc04571a0eb47965146d76f269cb9f2c043fd0b04679a95,Source
매수인의 진술보증이 정확하다,889c660978a897f82bc04571a0eb47965146d76f269cb9f2c043fd0b04679a95,Source
매매대금이 준비된다,889c660978a897f82bc04571a0eb47965146d76f269cb9f2c043fd0b04679a95,Source
매도인의 거래종결 의무가 발생한다,889c660978a897f82bc04571a0eb47965146d76f269cb9f2c043fd0b04679a95,Source
매수인의 진술보증이 정확하다.,889c660978a897f82bc04571a0eb47965146d76f269cb9f2c043fd0b04679a95,Source
매매대금이 준비된다.,889c660978a897f82bc04571a0eb47965146d76f269cb9f2c043fd0b04679a95,Source
매도인의 사무실,e080709b92494372d43833619e2bab660ae8f6efaa873873781d229ed0df01f6,Source
서울특별시 강남구,e080709b92494372d43833619e2bab660ae8f6efaa873873781d229ed0df01f6,Source
거래종결이 이루어진다,e080709b92494372d43833619e2bab660ae8f6efaa873873781d229ed0df01f6,Source
서울특별시 강남구 소재 매도인의 사무실에 있다,e080709b92494372d43833619e2bab660ae8f6efaa873873781d229ed0df01f6,Source
거래종결이 서울특별시 강남구 소재 매도인의 사무실에서 이루어진다.,e080709b92494372d43833619e2bab660ae8f6efaa873873781d229ed0df01f6,Source
주권,5a368fc799b754aea72487fecb3a8332ac74c1e1f614d2192d3ee39b8c629fb5,Source
주주명부,5a368fc799b754aea72487fecb3a8332ac74c1e1f614d2192d3ee39b8c629fb5,Source
이사회 결의서,5a368fc799b754aea72487fecb3a8332ac74c1e1f614d2192d3ee39b8c629fb5,Source
필요 서류,5a368fc799b754aea72487fecb3a8332ac74c1e1f614d2192d3ee39b8c629fb5,Source
거래종결 시,5a368fc799b754aea72487fecb3a8332ac74c1e1f614d2192d3ee39b8c629fb5,Source
매도인 인도,5a368fc799b754aea72487fecb3a8332ac74c1e1f614d2192d3ee39b8c629fb5,Source
"매도인은 주권, 주주명부, 이사회 결의서 등 필요 서류를 인도한다.",5a368fc799b754aea72487fecb3a8332ac74c1e1f614d2192d3ee39b8c629fb5,Source
"매도인은 거래종결 시 주권, 주주명부, 이사회 결의서 등 필요 서류를 인도한다.",5a368fc799b754aea72487fecb3a8332ac74c1e1f614d2192d3ee39b8c629fb5,Source
자,1fbb8ba415bf281e98db54ed6065dc7943a28329b22e70d289a8b338e5bbd0d9,Source
대상회사 이사,1fbb8ba415bf281e98db54ed6065dc7943a28329b22e70d289a8b338e5bbd0d9,Source
매수인이 지명한 자를 대상회사의 이사로 선임한다.,1fbb8ba415bf281e98db54ed6065dc7943a28329b22e70d289a8b338e5bbd0d9,Source
거래종결과 동시에 매수인이 지명한 자를 대상회사의 이사로 선임한다.,1fbb8ba415bf281e98db54ed6065dc7943a28329b22e70d289a8b338e5bbd0d9,Source
매수인이 지명한 자,1fbb8ba415bf281e98db54ed6065dc7943a28329b22e70d289a8b338e5bbd0d9,Source
종결 확인서,cf5639ae8f9914e5d14f90bbb46604f71663ed82001af948245ac680d06ff68c,Source
양 당사자는 종결 확인서를 작성하여 서명한다.,cf5639ae8f9914e5d14f90bbb46604f71663ed82001af948245ac680d06ff68c,Source
양 당사자는 종결 확인서를 작성한다.,cf5639ae8f9914e5d14f90bbb46604f71663ed82001af948245ac680d06ff68c,Source
양 당사자는 종결 확인서에 서명한다.,cf5639ae8f9914e5d14f90bbb46604f71663ed82001af948245ac680d06ff68c,Source
대상회사는 주주명부에 매수인을 기재한다.,b91bcb6c83ceb660e5c68d17a4892a704c56b5e6e5e75f40304c62b5cd35f62a,Source
거래종결 즉시 대상회사는 주주명부에 매수인을 기재한다.,b91bcb6c83ceb660e5c68d17a4892a704c56b5e6e5e75f40304c62b5cd35f62a,Source
경영권,657bb85d5d4840269e87acbcaa562ee83d6c294e066139fa9a0c2cc4cfd6bb6a,Source
통제권,657bb85d5d4840269e87acbcaa562ee83d6c294e066139fa9a0c2cc4cfd6bb6a,Source
경영권과 통제권,657bb85d5d4840269e87acbcaa562ee83d6c294e066139fa9a0c2cc4cfd6bb6a,Source
대상회사에 대한 경영권과 통제권이 매수인에게 이전된다.,657bb85d5d4840269e87acbcaa562ee83d6c294e066139fa9a0c2cc4cfd6bb6a,Source
일방,a777f5d04b50209e259e40fecdcecf2c1e1ae6f68264bf3b4c0164803e7fc794,Source
일방이 정당한 사유 없이 거래종결을 거부한다.,a777f5d04b50209e259e40fecdcecf2c1e1ae6f68264bf3b4c0164803e7fc794,Source
상대방은 계약을 해제할 수 있다.,a777f5d04b50209e259e40fecdcecf2c1e1ae6f68264bf3b4c0164803e7fc794,Source
상대방은 손해배상을 청구할 수 있다.,a777f5d04b50209e259e40fecdcecf2c1e1ae6f68264bf3b4c0164803e7fc794,Source
상대방은 계약을 해제하고 손해배상을 청구할 수 있다.,a777f5d04b50209e259e40fecdcecf2c1e1ae6f68264bf3b4c0164803e7fc794,Source
상대방은 계약을 해제한다.,a777f5d04b50209e259e40fecdcecf2c1e1ae6f68264bf3b4c0164803e7fc794,Source
상대방이 계약을 해제한다.,a777f5d04b50209e259e40fecdcecf2c1e1ae6f68264bf3b4c0164803e7fc794,Source
상대방이 손해배상을 청구한다.,a777f5d04b50209e259e40fecdcecf2c1e1ae6f68264bf3b4c0164803e7fc794,Source
손해배상,a777f5d04b50209e259e40fecdcecf2c1e1ae6f68264bf3b4c0164803e7fc794,Source
자신을 위한 거래종결 전제조건,d950463aa419a98a5af41d08a275eb6baf7c27da4a7eedef55b073f698393ba9,Source
각 당사자는 자신을 위한 거래종결 전제조건을 포기할 수 있다.,d950463aa419a98a5af41d08a275eb6baf7c27da4a7eedef55b073f698393ba9,Source
거래종결 전제조건이 더 이상 적용되지 않는다.,d950463aa419a98a5af41d08a275eb6baf7c27da4a7eedef55b073f698393ba9,Source
거래종결 전제조건,d950463aa419a98a5af41d08a275eb6baf7c27da4a7eedef55b073f698393ba9,Source
행정적 사항,0412e07bebabecb0a0eb7c1c59bba5067ef5f8e07f20324798560824abc7356d,Source
행정적 사항이 발생한다.,0412e07bebabecb0a0eb7c1c59bba5067ef5f8e07f20324798560824abc7356d,Source
양 당사자가 상호 협력한다.,0412e07bebabecb0a0eb7c1c59bba5067ef5f8e07f20324798560824abc7356d,Source
양 당사자는 거래종결 후 발생하는 행정적 사항에 대해 협력한다.,0412e07bebabecb0a0eb7c1c59bba5067ef5f8e07f20324798560824abc7356d,Source
제15조의 확인실사,05d6981aa0c631b052a596d75e75e3b0a26132d1b7bea545792e9dffdb09da1d,Source
독립된 제3자 전문기관,05d6981aa0c631b052a596d75e75e3b0a26132d1b7bea545792e9dffdb09da1d,Source
검증 기관,05d6981aa0c631b052a596d75e75e3b0a26132d1b7bea545792e9dffdb09da1d,Source
양 당사자 합의,05d6981aa0c631b052a596d75e75e3b0a26132d1b7bea545792e9dffdb09da1d,Source
대한상사중재원,05d6981aa0c631b052a596d75e75e3b0a26132d1b7bea545792e9dffdb09da1d,Source
검증 절차,05d6981aa0c631b052a596d75e75e3b0a26132d1b7bea545792e9dffdb09da1d,Source
통상 15영업일,05d6981aa0c631b052a596d75e75e3b0a26132d1b7bea545792e9dffdb09da1d,Source
30영업일,05d6981aa0c631b052a596d75e75e3b0a26132d1b7bea545792e9dffdb09da1d,Source
제15조의 확인실사에서 하자가 발견된다.,05d6981aa0c631b052a596d75e75e3b0a26132d1b7bea545792e9dffdb09da1d,Source
독립된 제3자 전문기관의 검증을 거친다.,05d6981aa0c631b052a596d75e75e3b0a26132d1b7bea545792e9dffdb09da1d,Source
양 당사자가 검증 기관 선정에 합의하지 못한다.,05d6981aa0c631b052a596d75e75e3b0a26132d1b7bea545792e9dffdb09da1d,Source
대한상사중재원이 검증 기관을 지정한다.,05d6981aa0c631b052a596d75e75e3b0a26132d1b7bea545792e9dffdb09da1d,Source
검증 절차가 복잡한 사안이다.,05d6981aa0c631b052a596d75e75e3b0a26132d1b7bea545792e9dffdb09da1d,Source
검증 절차가 30영업일까지 연장될 수 있다.,05d6981aa0c631b052a596d75e75e3b0a26132d1b7bea545792e9dffdb09da1d,Source
하자가 확인된다.,05d6981aa0c631b052a596d75e75e3b0a26132d1b7bea545792e9dffdb09da1d,Source
검증 비용을 매도인이 부담한다.,05d6981aa0c631b052a596d75e75e3b0a26132d1b7bea545792e9dffdb09da1d,Source
하자가 확인되지 않는다.,05d6981aa0c631b052a596d75e75e3b0a26132d1b7bea545792e9dffdb09da1d,Source
검증 비용을 매수인이 부담한다.,05d6981aa0c631b052a596d75e75e3b0a26132d1b7bea545792e9dffdb09da1d,Source
제15조의 확인실사에서 발견된 하자는 독립된 제3자 전문기관의 검증을 거친다.,05d6981aa0c631b052a596d75e75e3b0a26132d1b7bea545792e9dffdb09da1d,Source
검증 기관은 양 당사자가 합의하여 선정한다.,05d6981aa0c631b052a596d75e75e3b0a26132d1b7bea545792e9dffdb09da1d,Source
합의가 없을 경우 대한상사중재원이 검증 기관을 지정한다.,05d6981aa0c631b052a596d75e75e3b0a26132d1b7bea545792e9dffdb09da1d,Source
검증 절차는 통상 15영업일이 소요된다.,05d6981aa0c631b052a596d75e75e3b0a26132d1b7bea545792e9dffdb09da1d,Source
복잡한 사안의 경우 검증 절차가 30영업일까지 연장될 수 있다.,05d6981aa0c631b052a596d75e75e3b0a26132d1b7bea545792e9dffdb09da1d,Source
복잡한 사안,05d6981aa0c631b052a596d75e75e3b0a26132d1b7bea545792e9dffdb09da1d,Source
하자가 확인된 경우 검증 비용은 매도인이 부담한다.,05d6981aa0c631b052a596d75e75e3b0a26132d1b7bea545792e9dffdb09da1d,Source
검증 비용,05d6981aa0c631b052a596d75e75e3b0a26132d1b7bea545792e9dffdb09da1d,Source
하자가 확인되지 않은 경우 검증 비용은 매수인이 부담한다.,05d6981aa0c631b052a596d75e75e3b0a26132d1b7bea545792e9dffdb09da1d,Source
매매대금 수령 계좌 정보,64523aba7f79c87c54589ba15cf95dea467078f6dfca91ccd54ad3807d148f54,Source
거래종결 5영업일 전까지,64523aba7f79c87c54589ba15cf95dea467078f6dfca91ccd54ad3807d148f54,Source
매도인은 거래종결 5영업일 전까지 매매대금 수령 계좌 정보를 통지한다.,64523aba7f79c87c54589ba15cf95dea467078f6dfca91ccd54ad3807d148f54,Source
매도인은 매매대금 수령 계좌 정보를 통지한다.,64523aba7f79c87c54589ba15cf95dea467078f6dfca91ccd54ad3807d148f54,Source
양도소득세,47b2f80db8d2a92e0246dca2eb0eaedf8b6e23004ae8a13a1f8af630b81b816e,Source
취득세,47b2f80db8d2a92e0246dca2eb0eaedf8b6e23004ae8a13a1f8af630b81b816e,Source
거래가 발생한다.,47b2f80db8d2a92e0246dca2eb0eaedf8b6e23004ae8a13a1f8af630b81b816e,Source
양도소득세는 매도인이 부담한다.,47b2f80db8d2a92e0246dca2eb0eaedf8b6e23004ae8a13a1f8af630b81b816e,Source
취득세는 매수인이 부담한다.,47b2f80db8d2a92e0246dca2eb0eaedf8b6e23004ae8a13a1f8af630b81b816e,Source
관련 등기 절차,3ebde30821919dd3633c41b911dbf819f92c11590f8490624199a3d499c6f6c1,Source
필요한 경우가 발생한다.,3ebde30821919dd3633c41b911dbf819f92c11590f8490624199a3d499c6f6c1,Source
양 당사자는 관련 등기 절차에 협력한다.,3ebde30821919dd3633c41b911dbf819f92c11590f8490624199a3d499c6f6c1,Source
양 당사자가 필요한 경우 관련 등기 절차에 협력한다.,3ebde30821919dd3633c41b911dbf819f92c11590f8490624199a3d499c6f6c1,Source
전 직원,5b80a61deb6e4dba143e5b68dea33386d9374ce4ca0f6ad15598871fbaab2d4e,Source
대상회사는 전 직원에게 경영권 변경을 통지한다.,5b80a61deb6e4dba143e5b68dea33386d9374ce4ca0f6ad15598871fbaab2d4e,Source
대상회사는 거래종결 후 경영권 변경을 전 직원에게 통지한다.,5b80a61deb6e4dba143e5b68dea33386d9374ce4ca0f6ad15598871fbaab2d4e,Source
주요 고객에 대한 통지가 필요하다.,fc37c90d2ad674db8a05c7d95093ad91e8f4635d8a62b7d9382bb6f71df6b1cc,Source
양 당사자가 협의하여 통지를 진행한다.,fc37c90d2ad674db8a05c7d95093ad91e8f4635d8a62b7d9382bb6f71df6b1cc,Source
양 당사자가 주요 고객에 대한 통지를 협의하여 진행한다.,fc37c90d2ad674db8a05c7d95093ad91e8f4635d8a62b7d9382bb6f71df6b1cc,Source
감사 보고서,7f56dce0c56b11e9296f5aae756535b4972a87058cf2a9c3fa03715c71a699ee,Source
매수인이 선임한 감사인,7f56dce0c56b11e9296f5aae756535b4972a87058cf2a9c3fa03715c71a699ee,Source
거래종결 후 첫 회계연도,7f56dce0c56b11e9296f5aae756535b4972a87058cf2a9c3fa03715c71a699ee,Source
첫 회계연도가 시작된다.,7f56dce0c56b11e9296f5aae756535b4972a87058cf2a9c3fa03715c71a699ee,Source
감사인이 감사보고서를 작성한다.,7f56dce0c56b11e9296f5aae756535b4972a87058cf2a9c3fa03715c71a699ee,Source
매수인이 감사인을 선임한다.,7f56dce0c56b11e9296f5aae756535b4972a87058cf2a9c3fa03715c71a699ee,Source
거래,7f56dce0c56b11e9296f5aae756535b4972a87058cf2a9c3fa03715c71a699ee,Source
첫 회계연도,7f56dce0c56b11e9296f5aae756535b4972a87058cf2a9c3fa03715c71a699ee,Source
매수인이 감사를 선임한다.,7f56dce0c56b11e9296f5aae756535b4972a87058cf2a9c3fa03715c71a699ee,Source
감사,7f56dce0c56b11e9296f5aae756535b4972a87058cf2a9c3fa03715c71a699ee,Source
매수인이 선임한 감사가 감사보고서를 작성한다.,7f56dce0c56b11e9296f5aae756535b4972a87058cf2a9c3fa03715c71a699ee,Source
감사보고서,7f56dce0c56b11e9296f5aae756535b4972a87058cf2a9c3fa03715c71a699ee,Source
중요 문서,e981c413b4b28fd398c263f04eb4c9f6fc1062197e04303b76c1f43af11826fc,Source
대상회사의 모든 중요 문서는 거래종결 후 매수인에게 인도된다.,e981c413b4b28fd398c263f04eb4c9f6fc1062197e04303b76c1f43af11826fc,Source
매수인은 거래종결일에 잔금지급을 완료한다.,b8c7efb5da30df7b3f95f29d6b963a29e571066dc3b86085d4ae5b92837d898e,Source
매도인은 주식 및 관련 서류를 매수인에게 이전한다.,b8c7efb5da30df7b3f95f29d6b963a29e571066dc3b86085d4ae5b92837d898e,Source
제5장 거래종결 후 사항이 규정된다.,b8c7efb5da30df7b3f95f29d6b963a29e571066dc3b86085d4ae5b92837d898e,Source
제5장,b8c7efb5da30df7b3f95f29d6b963a29e571066dc3b86085d4ae5b92837d898e,Source
거래종결 후 사항,b8c7efb5da30df7b3f95f29d6b963a29e571066dc3b86085d4ae5b92837d898e,Source
경영권 이전,3e2d02fbf60f22f6014b0befc67d16ff737a94a2de74b580fe1d0fa7b4d8e29e,Source
매도인은 3개월간 원활한 경영권 이전을 위해 지원한다.,3e2d02fbf60f22f6014b0befc67d16ff737a94a2de74b580fe1d0fa7b4d8e29e,Source
매도인은 거래종결 후 3개월간 원활한 경영권 이전을 위해 지원한다.,3e2d02fbf60f22f6014b0befc67d16ff737a94a2de74b580fe1d0fa7b4d8e29e,Source
매매대금의 30%,546ced735bc00cee130fc4fafe7a08b8e670a7b38e214b86a0e3b3604936fafd,Source
매도인의 손해배상 책임이 발생한다.,546ced735bc00cee130fc4fafe7a08b8e670a7b38e214b86a0e3b3604936fafd,Source
손해배상 책임 한도는 매매대금의 30%로 제한된다.,546ced735bc00cee130fc4fafe7a08b8e670a7b38e214b86a0e3b3604936fafd,Source
매도인의 손해배상 책임이 매매대금의 30%로 제한된다.,546ced735bc00cee130fc4fafe7a08b8e670a7b38e214b86a0e3b3604936fafd,Source
매수인이 인지하고 있던 사항,af08f227bc6a01f1d47fece7441085b53099371f5ff1e955fa721e21fe2d76c3,Source
공개된 위험,af08f227bc6a01f1d47fece7441085b53099371f5ff1e955fa721e21fe2d76c3,Source
매수인이 어떤 사항이나 위험을 인지하고 있다.,af08f227bc6a01f1d47fece7441085b53099371f5ff1e955fa721e21fe2d76c3,Source
매도인은 해당 사항이나 위험에 대해 책임지지 않는다.,af08f227bc6a01f1d47fece7441085b53099371f5ff1e955fa721e21fe2d76c3,Source
어떤 위험이 공개된다.,af08f227bc6a01f1d47fece7441085b53099371f5ff1e955fa721e21fe2d76c3,Source
매도인은 그 위험에 대해 책임지지 않는다.,af08f227bc6a01f1d47fece7441085b53099371f5ff1e955fa721e21fe2d76c3,Source
매수인이 어떤 사항이나 공개된 위험을 인지하고 있다.,af08f227bc6a01f1d47fece7441085b53099371f5ff1e955fa721e21fe2d76c3,Source
매도인이 그에 대해 책임지지 않는다.,af08f227bc6a01f1d47fece7441085b53099371f5ff1e955fa721e21fe2d76c3,Source
매수인이 어떤 사항을 인지한다.,af08f227bc6a01f1d47fece7441085b53099371f5ff1e955fa721e21fe2d76c3,Source
매도인이 매수인이 인지하고 있던 사항이나 공개된 위험에 대해 책임지지 않는다.,af08f227bc6a01f1d47fece7441085b53099371f5ff1e955fa721e21fe2d76c3,Source
월별,829c7448f05867fed510df4165ffd1dc3cbef71cc32794ef3d266c32eed915c5,Source
거래종결 후 3개월간,829c7448f05867fed510df4165ffd1dc3cbef71cc32794ef3d266c32eed915c5,Source
매도인은 3개월간 월별로 재무 정보를 업데이트하여 제공한다.,829c7448f05867fed510df4165ffd1dc3cbef71cc32794ef3d266c32eed915c5,Source
매도인은 재무 정보를 월별로 업데이트한다.,829c7448f05867fed510df4165ffd1dc3cbef71cc32794ef3d266c32eed915c5,Source
매도인은 거래종결 후 3개월간 재무 정보를 제공한다.,829c7448f05867fed510df4165ffd1dc3cbef71cc32794ef3d266c32eed915c5,Source
손해배상 청구,6f092a49487c355004ff7258ed83ac8def154b898cd7e413b7be1069ab4b06c6,Source
제89조에 정한 증빙자료,6f092a49487c355004ff7258ed83ac8def154b898cd7e413b7be1069ab4b06c6,Source
손해배상 청구를 한다.,6f092a49487c355004ff7258ed83ac8def154b898cd7e413b7be1069ab4b06c6,Source
제89조에 정한 증빙자료를 준비한다.,6f092a49487c355004ff7258ed83ac8def154b898cd7e413b7be1069ab4b06c6,Source
증빙자료를 첨부한다.,6f092a49487c355004ff7258ed83ac8def154b898cd7e413b7be1069ab4b06c6,Source
서면으로 제출한다.,6f092a49487c355004ff7258ed83ac8def154b898cd7e413b7be1069ab4b06c6,Source
손해배상 청구는 제89조에 정한 증빙자료를 첨부하여 서면으로 해야 한다.,6f092a49487c355004ff7258ed83ac8def154b898cd7e413b7be1069ab4b06c6,Source
서면,6f092a49487c355004ff7258ed83ac8def154b898cd7e413b7be1069ab4b06c6,Source
확정된 손해배상액과 미지급 매매대금,d6a948333f8dc79c0c852e9fa13a54c8ae75cfb0cec341b6b31086e82038a935,Source
매수인이 확정된 손해배상액을 가진다.,d6a948333f8dc79c0c852e9fa13a54c8ae75cfb0cec341b6b31086e82038a935,Source
매수인이 미지급 매매대금과 손해배상액을 상계할 수 있다.,d6a948333f8dc79c0c852e9fa13a54c8ae75cfb0cec341b6b31086e82038a935,Source
매수인이 미지급 매매대금과 상계할 수 있다.,d6a948333f8dc79c0c852e9fa13a54c8ae75cfb0cec341b6b31086e82038a935,Source
매수인은 확정된 손해배상액을 미지급 매매대금과 상계할 수 있다.,d6a948333f8dc79c0c852e9fa13a54c8ae75cfb0cec341b6b31086e82038a935,Source
확정된 손해배상액,d6a948333f8dc79c0c852e9fa13a54c8ae75cfb0cec341b6b31086e82038a935,Source
미지급 매매대금,d6a948333f8dc79c0c852e9fa13a54c8ae75cfb0cec341b6b31086e82038a935,Source
거래종결 후 발견된 자산,605e9a84ee8104cf6ae689f9a0c66b3d910ed4db9e6d7a75d37aea68d3821bca,Source
거래종결 후 발견된 부채,605e9a84ee8104cf6ae689f9a0c66b3d910ed4db9e6d7a75d37aea68d3821bca,Source
자산이 발견된다.,605e9a84ee8104cf6ae689f9a0c66b3d910ed4db9e6d7a75d37aea68d3821bca,Source
부채가 발견된다.,605e9a84ee8104cf6ae689f9a0c66b3d910ed4db9e6d7a75d37aea68d3821bca,Source
자산이 거래종결 후 발견된다.,605e9a84ee8104cf6ae689f9a0c66b3d910ed4db9e6d7a75d37aea68d3821bca,Source
자산이 매수인에게 귀속된다.,605e9a84ee8104cf6ae689f9a0c66b3d910ed4db9e6d7a75d37aea68d3821bca,Source
부채가 거래종결 후 발견된다.,605e9a84ee8104cf6ae689f9a0c66b3d910ed4db9e6d7a75d37aea68d3821bca,Source
부채가 매도인에게 귀속된다.,605e9a84ee8104cf6ae689f9a0c66b3d910ed4db9e6d7a75d37aea68d3821bca,Source
거래종결 후 발견된 자산은 매수인에게 귀속된다.,605e9a84ee8104cf6ae689f9a0c66b3d910ed4db9e6d7a75d37aea68d3821bca,Source
거래종결 후 발견된 부채는 매도인에게 귀속된다.,605e9a84ee8104cf6ae689f9a0c66b3d910ed4db9e6d7a75d37aea68d3821bca,Source
대상회사의 독립적 경영,56fc60962dbba091da631f7cc220cfeb144c904e26390d4c5d2f165accdbbf01,Source
매수인이 대상회사의 경영에 참여한다,56fc60962dbba091da631f7cc220cfeb144c904e26390d4c5d2f165accdbbf01,Source
매수인은 대상회사의 독립적 경영을 보장한다,56fc60962dbba091da631f7cc220cfeb144c904e26390d4c5d2f165accdbbf01,Source
대상회사는 독립적으로 경영을 수행한다,56fc60962dbba091da631f7cc220cfeb144c904e26390d4c5d2f165accdbbf01,Source
매수인은 대상회사의 독립적 경영을 보장한다.,56fc60962dbba091da631f7cc220cfeb144c904e26390d4c5d2f165accdbbf01,Source
거래종결 전 선언되었으나 미지급된 배당,aed22d090897ce805745abb23f27314a31608c767e6c9d03b265ba51809f2dcb,Source
배당이 거래종결 전에 선언된다,aed22d090897ce805745abb23f27314a31608c767e6c9d03b265ba51809f2dcb,Source
배당이 미지급된다,aed22d090897ce805745abb23f27314a31608c767e6c9d03b265ba51809f2dcb,Source
거래종결 전 배당이 선언된다,aed22d090897ce805745abb23f27314a31608c767e6c9d03b265ba51809f2dcb,Source
배당이 거래종결 전에 선언되고 미지급된다,aed22d090897ce805745abb23f27314a31608c767e6c9d03b265ba51809f2dcb,Source
배당이 매도인에게 귀속된다,aed22d090897ce805745abb23f27314a31608c767e6c9d03b265ba51809f2dcb,Source
거래종결 전에 선언되었으나 미지급된 배당이 매도인에게 귀속된다.,aed22d090897ce805745abb23f27314a31608c767e6c9d03b265ba51809f2dcb,Source
배당,aed22d090897ce805745abb23f27314a31608c767e6c9d03b265ba51809f2dcb,Source
매수인의 연결 재무제표,6940e8eef054973c58ffc1564861b4bb473f84e9692562ef15c2bf2241a5f590,Source
대상회사는 매수인의 연결 재무제표에 포함된다.,6940e8eef054973c58ffc1564861b4bb473f84e9692562ef15c2bf2241a5f590,Source
대상회사가 매수인의 연결 재무제표에 포함된다.,6940e8eef054973c58ffc1564861b4bb473f84e9692562ef15c2bf2241a5f590,Source
거래 시너지 실현,6f31f526543e53c1f4bfab7b658e20f1e19c41373e1517711af741985de5bd5f,Source
거래 시너지가 실현된다.,6f31f526543e53c1f4bfab7b658e20f1e19c41373e1517711af741985de5bd5f,Source
양 당사자가 거래 시너지 실현을 위해 상호 협력한다.,6f31f526543e53c1f4bfab7b658e20f1e19c41373e1517711af741985de5bd5f,Source
기존 브랜드,fc636689fc6a83895e47b6887ce300b2289d621254f6438d872683cba9c9b8e4,Source
회사가 기존 브랜드를 계속 사용할 수 있다,fc636689fc6a83895e47b6887ce300b2289d621254f6438d872683cba9c9b8e4,Source
브랜드 사용에 관한 규정이 마련되었다,fc636689fc6a83895e47b6887ce300b2289d621254f6438d872683cba9c9b8e4,Source
대상회사가 기존 브랜드를 계속 사용할 수 있다.,fc636689fc6a83895e47b6887ce300b2289d621254f6438d872683cba9c9b8e4,Source
기존 공급계약,7e54a10329a374079ac70b4cbd0ecc76c4c3fcec2b02b242f48007d3b771c818,Source
동일한 조건,7e54a10329a374079ac70b4cbd0ecc76c4c3fcec2b02b242f48007d3b771c818,Source
기존 공급계약이 존재한다.,7e54a10329a374079ac70b4cbd0ecc76c4c3fcec2b02b242f48007d3b771c818,Source
기존 공급계약은 동일한 조건으로 유지된다.,7e54a10329a374079ac70b4cbd0ecc76c4c3fcec2b02b242f48007d3b771c818,Source
기존 공급계약이 동일한 조건으로 유지된다.,7e54a10329a374079ac70b4cbd0ecc76c4c3fcec2b02b242f48007d3b771c818,Source
진행 중인 연구개발 프로젝트,f11a535a0b4294112aec0f89e70ac1240a466ccf2395eaa98e282610fb084523,Source
연구개발 프로젝트,f11a535a0b4294112aec0f89e70ac1240a466ccf2395eaa98e282610fb084523,Source
진행 중인 연구개발 프로젝트가 있다.,f11a535a0b4294112aec0f89e70ac1240a466ccf2395eaa98e282610fb084523,Source
연구개발 프로젝트는 계속 수행된다.,f11a535a0b4294112aec0f89e70ac1240a466ccf2395eaa98e282610fb084523,Source
진행 중인 연구개발 프로젝트가 계속 수행된다.,f11a535a0b4294112aec0f89e70ac1240a466ccf2395eaa98e282610fb084523,Source
사회공헌 활동,6210b60630d300f30d4a91a871d954a6d1e60c878f1f9da1a2bd01cc06b58b02,Source
대상회사의 사회공헌 활동이 이루어진다.,6210b60630d300f30d4a91a871d954a6d1e60c878f1f9da1a2bd01cc06b58b02,Source
대상회사의 사회공헌 활동은 지속된다.,6210b60630d300f30d4a91a871d954a6d1e60c878f1f9da1a2bd01cc06b58b02,Source
대상회사의 사회공헌 활동이 지속된다.,6210b60630d300f30d4a91a871d954a6d1e60c878f1f9da1a2bd01cc06b58b02,Source
규제 변경,2fbff55783f0361b669af6d5fd86514e23195fecae099760c92bbfed60ceb9cd,Source
비용,2fbff55783f0361b669af6d5fd86514e23195fecae099760c92bbfed60ceb9cd,Source
규제가 변경된다.,2fbff55783f0361b669af6d5fd86514e23195fecae099760c92bbfed60ceb9cd,Source
비용이 발생한다.,2fbff55783f0361b669af6d5fd86514e23195fecae099760c92bbfed60ceb9cd,Source
매수인이 비용을 부담한다.,2fbff55783f0361b669af6d5fd86514e23195fecae099760c92bbfed60ceb9cd,Source
향후 규제 변경에 따른 비용을 매수인이 부담한다.,2fbff55783f0361b669af6d5fd86514e23195fecae099760c92bbfed60ceb9cd,Source
시설 이전,6157a19e777f231d34b3473ab16b9de01558b0d58fc6d595329cf4ff7c247b8d,Source
매수인의 책임과 비용,6157a19e777f231d34b3473ab16b9de01558b0d58fc6d595329cf4ff7c247b8d,Source
시설 이전이 필요하다,6157a19e777f231d34b3473ab16b9de01558b0d58fc6d595329cf4ff7c247b8d,Source
시설 이전은 매수인의 책임과 비용으로 진행한다,6157a19e777f231d34b3473ab16b9de01558b0d58fc6d595329cf4ff7c247b8d,Source
시설 이전이 필요할 시 매수인이 책임과 비용을 부담한다.,6157a19e777f231d34b3473ab16b9de01558b0d58fc6d595329cf4ff7c247b8d,Source
시설,6157a19e777f231d34b3473ab16b9de01558b0d58fc6d595329cf4ff7c247b8d,Source
기존 분쟁 해결에 필요한 정보,7291d9ce76fad6ddb5c38e81fd9063eacf7e2ce33991673d76333a331613289f,Source
기존 분쟁이 발생한다.,7291d9ce76fad6ddb5c38e81fd9063eacf7e2ce33991673d76333a331613289f,Source
매도인은 분쟁 해결을 위해 필요한 정보를 제공한다.,7291d9ce76fad6ddb5c38e81fd9063eacf7e2ce33991673d76333a331613289f,Source
매도인은 기존 분쟁 해결을 위해 필요한 정보를 제공한다.,7291d9ce76fad6ddb5c38e81fd9063eacf7e2ce33991673d76333a331613289f,Source
상세 보고서,b6ff48db5e57d7c679d247a5b8dbe8c4ed5cbd4ba3cfe0d512cb740fa4782965,Source
제3자 검증 보고서,b6ff48db5e57d7c679d247a5b8dbe8c4ed5cbd4ba3cfe0d512cb740fa4782965,Source
손해액 산정 근거 및 관련 증빙,b6ff48db5e57d7c679d247a5b8dbe8c4ed5cbd4ba3cfe0d512cb740fa4782965,Source
외부 전문가 의견서,b6ff48db5e57d7c679d247a5b8dbe8c4ed5cbd4ba3cfe0d512cb740fa4782965,Source
인과관계 입증 자료,b6ff48db5e57d7c679d247a5b8dbe8c4ed5cbd4ba3cfe0d512cb740fa4782965,Source
추가 자료,b6ff48db5e57d7c679d247a5b8dbe8c4ed5cbd4ba3cfe0d512cb740fa4782965,Source
손해배상 청구를 한다,b6ff48db5e57d7c679d247a5b8dbe8c4ed5cbd4ba3cfe0d512cb740fa4782965,Source
하자의 구체적 내용을 기술한 상세 보고서를 첨부한다,b6ff48db5e57d7c679d247a5b8dbe8c4ed5cbd4ba3cfe0d512cb740fa4782965,Source
제3자 검증 보고서를 첨부한다,b6ff48db5e57d7c679d247a5b8dbe8c4ed5cbd4ba3cfe0d512cb740fa4782965,Source
손해액 산정 근거 및 관련 증빙을 첨부한다,b6ff48db5e57d7c679d247a5b8dbe8c4ed5cbd4ba3cfe0d512cb740fa4782965,Source
외부 전문가 의견서를 첨부한다 (필요시),b6ff48db5e57d7c679d247a5b8dbe8c4ed5cbd4ba3cfe0d512cb740fa4782965,Source
하자와 손해 간 인과관계 입증 자료를 첨부한다,b6ff48db5e57d7c679d247a5b8dbe8c4ed5cbd4ba3cfe0d512cb740fa4782965,Source
증빙이 불충분하다,b6ff48db5e57d7c679d247a5b8dbe8c4ed5cbd4ba3cfe0d512cb740fa4782965,Source
매도인은 추가 자료를 요구할 수 있다,b6ff48db5e57d7c679d247a5b8dbe8c4ed5cbd4ba3cfe0d512cb740fa4782965,Source
모든 손해배상 청구는 하자의 구체적 내용을 기술한 상세 보고서를 첨부해야 한다.,b6ff48db5e57d7c679d247a5b8dbe8c4ed5cbd4ba3cfe0d512cb740fa4782965,Source
하자의 구체적 내용을 기술한 상세 보고서,b6ff48db5e57d7c679d247a5b8dbe8c4ed5cbd4ba3cfe0d512cb740fa4782965,Source
모든 손해배상 청구는 제63조에 따른 제3자 검증 보고서를 첨부해야 한다.,b6ff48db5e57d7c679d247a5b8dbe8c4ed5cbd4ba3cfe0d512cb740fa4782965,Source
제63조에 따른 제3자 검증 보고서,b6ff48db5e57d7c679d247a5b8dbe8c4ed5cbd4ba3cfe0d512cb740fa4782965,Source
모든 손해배상 청구는 손해액 산정 근거 및 관련 증빙을 첨부해야 한다.,b6ff48db5e57d7c679d247a5b8dbe8c4ed5cbd4ba3cfe0d512cb740fa4782965,Source
손해액 산정 근거,b6ff48db5e57d7c679d247a5b8dbe8c4ed5cbd4ba3cfe0d512cb740fa4782965,Source
관련 증빙,b6ff48db5e57d7c679d247a5b8dbe8c4ed5cbd4ba3cfe0d512cb740fa4782965,Source
모든 손해배상 청구는 필요시 외부 전문가 의견서를 첨부해야 한다.,b6ff48db5e57d7c679d247a5b8dbe8c4ed5cbd4ba3cfe0d512cb740fa4782965,Source
모든 손해배상 청구는 하자와 손해 간 인과관계 입증 자료를 첨부해야 한다.,b6ff48db5e57d7c679d247a5b8dbe8c4ed5cbd4ba3cfe0d512cb740fa4782965,Source
하자와 손해 간 인과관계 입증 자료,b6ff48db5e57d7c679d247a5b8dbe8c4ed5cbd4ba3cfe0d512cb740fa4782965,Source
증빙이 불충분한 경우 매도인은 추가 자료를 요구할 수 있다.,b6ff48db5e57d7c679d247a5b8dbe8c4ed5cbd4ba3cfe0d512cb740fa4782965,Source
목표 달성,4a354e4d17c4508ad907be7cc3098cdd7d0e6b0c9cbbf41a739dbfcfa0949e34,Source
추가 대가 지급 등의 조정,4a354e4d17c4508ad907be7cc3098cdd7d0e6b0c9cbbf41a739dbfcfa0949e34,Source
제90조,4a354e4d17c4508ad907be7cc3098cdd7d0e6b0c9cbbf41a739dbfcfa0949e34,Source
목표를 달성한다.,4a354e4d17c4508ad907be7cc3098cdd7d0e6b0c9cbbf41a739dbfcfa0949e34,Source
추가 대가 지급 등의 조정은 없다.,4a354e4d17c4508ad907be7cc3098cdd7d0e6b0c9cbbf41a739dbfcfa0949e34,Source
추가 대가 지급 등의 조정이 없다.,4a354e4d17c4508ad907be7cc3098cdd7d0e6b0c9cbbf41a739dbfcfa0949e34,Source
제6장 일반조항이 언급된다.,4e56e06be9c6149c2ceb468b8e7149a3481a4d1fb835a17ef5be205ea4223e04,Source
제6장 일반조항,4e56e06be9c6149c2ceb468b8e7149a3481a4d1fb835a17ef5be205ea4223e04,Source
등기우편,1caecb50ebc61eb580e1f013f40e30439a2a3f191ff0914749dc58d4cfa28edb,Source
이메일,1caecb50ebc61eb580e1f013f40e30439a2a3f191ff0914749dc58d4cfa28edb,Source
발송 후 3영업일 경과,1caecb50ebc61eb580e1f013f40e30439a2a3f191ff0914749dc58d4cfa28edb,Source
본 계약에 따른 모든 통지는 등기우편 또는 이메일로 한다.,1caecb50ebc61eb580e1f013f40e30439a2a3f191ff0914749dc58d4cfa28edb,Source
통지는 발송 후 3영업일이 경과하면 도달한 것으로 본다.,1caecb50ebc61eb580e1f013f40e30439a2a3f191ff0914749dc58d4cfa28edb,Source
통지를 발송한다.,1caecb50ebc61eb580e1f013f40e30439a2a3f191ff0914749dc58d4cfa28edb,Source
3영업일이 경과한다.,1caecb50ebc61eb580e1f013f40e30439a2a3f191ff0914749dc58d4cfa28edb,Source
통지는 도달한 것으로 본다.,1caecb50ebc61eb580e1f013f40e30439a2a3f191ff0914749dc58d4cfa28edb,Source
본 계약에 따른 모든 통지는 등기우편으로 한다.,1caecb50ebc61eb580e1f013f40e30439a2a3f191ff0914749dc58d4cfa28edb,Source
본 계약에 따른 모든 통지는 이메일로 한다.,1caecb50ebc61eb580e1f013f40e30439a2a3f191ff0914749dc58d4cfa28edb,Source
거래종결일 기준,4be4342935521e2eab274dde6b0647ba8c09f8f36cb8fefc46ecfa5af12371c5,Source
목표액과 차이,4be4342935521e2eab274dde6b0647ba8c09f8f36cb8fefc46ecfa5af12371c5,Source
거래종결일 기준 운전자본을 확정한다.,4be4342935521e2eab274dde6b0647ba8c09f8f36cb8fefc46ecfa5af12371c5,Source
목표액과 차이를 정산한다.,4be4342935521e2eab274dde6b0647ba8c09f8f36cb8fefc46ecfa5af12371c5,Source
거래종결 후 60일 내에 거래종결일 기준 운전자본을 확정하고 목표액과 차이를 정산한다.,4be4342935521e2eab274dde6b0647ba8c09f8f36cb8fefc46ecfa5af12371c5,Source
운전자본 확정과 목표액과의 차이 정산이 함께 이루어진다.,4be4342935521e2eab274dde6b0647ba8c09f8f36cb8fefc46ecfa5af12371c5,Source
거래종결 후 60일 내에 거래종결일 기준 운전자본을 확정한다.,4be4342935521e2eab274dde6b0647ba8c09f8f36cb8fefc46ecfa5af12371c5,Source
거래종결일 기준 운전자본과 목표액의 차이를 정산한다.,4be4342935521e2eab274dde6b0647ba8c09f8f36cb8fefc46ecfa5af12371c5,Source
목표액,4be4342935521e2eab274dde6b0647ba8c09f8f36cb8fefc46ecfa5af12371c5,Source
대한민국 법률에 따라 규율되고 해석된다.,b52ae695af1892ee5d53845f6090422759503f6a6bd30ccd38f9597515ac6b1b,Source
본 계약이 대한민국 법률에 따라 규율되고 해석된다.,b52ae695af1892ee5d53845f6090422759503f6a6bd30ccd38f9597515ac6b1b,Source
대한민국 법률이 본 계약의 해석에 적용된다.,b52ae695af1892ee5d53845f6090422759503f6a6bd30ccd38f9597515ac6b1b,Source
본 계약이 대한민국 법률에 따라 규율된다.,b52ae695af1892ee5d53845f6090422759503f6a6bd30ccd38f9597515ac6b1b,Source
본 계약이 대한민국 법률에 따라 해석된다.,b52ae695af1892ee5d53845f6090422759503f6a6bd30ccd38f9597515ac6b1b,Source
서울중앙지방법원,1b4182e8fc58eb7056a146a8a4c29c84eb6377357a29bd3f150a35ae8fc5d862,Source
본 계약과 관련된 분쟁,1b4182e8fc58eb7056a146a8a4c29c84eb6377357a29bd3f150a35ae8fc5d862,Source
본 계약과 관련된 분쟁이 발생한다.,1b4182e8fc58eb7056a146a8a4c29c84eb6377357a29bd3f150a35ae8fc5d862,Source
서울중앙지방법원이 제1심 관할법원이 된다.,1b4182e8fc58eb7056a146a8a4c29c84eb6377357a29bd3f150a35ae8fc5d862,Source
서울중앙지방법원이 본 계약과 관련된 분쟁의 제1심 관할법원이 된다.,1b4182e8fc58eb7056a146a8a4c29c84eb6377357a29bd3f150a35ae8fc5d862,Source
우호적 해결,f8abd71cd94c1156ddff5aa87cdc8b2155a5234bd3fee88a0365c6cd54db5d1a,Source
당사자들은 우호적 해결을 우선으로 한다.,f8abd71cd94c1156ddff5aa87cdc8b2155a5234bd3fee88a0365c6cd54db5d1a,Source
필요시 대한상사중재원의 중재에 따른다.,f8abd71cd94c1156ddff5aa87cdc8b2155a5234bd3fee88a0365c6cd54db5d1a,Source
당사자들은 필요시 대한상사중재원의 중재에 따른다.,f8abd71cd94c1156ddff5aa87cdc8b2155a5234bd3fee88a0365c6cd54db5d1a,Source
서면 합의,8f55384c1ef7c99f47b0c4523ac08959b36959e6b2b742829da971233b6b5540,Source
양 당사자가 서면으로 합의한다.,8f55384c1ef7c99f47b0c4523ac08959b36959e6b2b742829da971233b6b5540,Source
본 계약이 수정되거나 변경된다.,8f55384c1ef7c99f47b0c4523ac08959b36959e6b2b742829da971233b6b5540,Source
본 계약을 수정하거나 변경한다.,8f55384c1ef7c99f47b0c4523ac08959b36959e6b2b742829da971233b6b5540,Source
본 계약의 일부 조항,637398869fed27c00cb0bde5ba9ec3cdddd17a5a8edb3e0eece88cab5e27780d,Source
나머지 조항은 유효하다,637398869fed27c00cb0bde5ba9ec3cdddd17a5a8edb3e0eece88cab5e27780d,Source
본 계약의 일부 조항이 무효인 경우,637398869fed27c00cb0bde5ba9ec3cdddd17a5a8edb3e0eece88cab5e27780d,Source
본 계약의 일부 조항이 무효가 된다.,637398869fed27c00cb0bde5ba9ec3cdddd17a5a8edb3e0eece88cab5e27780d,Source
일부 조항,637398869fed27c00cb0bde5ba9ec3cdddd17a5a8edb3e0eece88cab5e27780d,Source
나머지 조항은 유효하다.,637398869fed27c00cb0bde5ba9ec3cdddd17a5a8edb3e0eece88cab5e27780d,Source
나머지 조항,637398869fed27c00cb0bde5ba9ec3cdddd17a5a8edb3e0eece88cab5e27780d,Source
권리 포기,8dc6242a14a773cf1aaa88711f4e65cb036d1920523266c282afcdd79a071f22,Source
권리 미행사,8dc6242a14a773cf1aaa88711f4e65cb036d1920523266c282afcdd79a071f22,Source
일방이 권리를 행사하지 않는다.,8dc6242a14a773cf1aaa88711f4e65cb036d1920523266c282afcdd79a071f22,Source
그 권리를 포기한 것으로 보지 않는다.,8dc6242a14a773cf1aaa88711f4e65cb036d1920523266c282afcdd79a071f22,Source
권리,8dc6242a14a773cf1aaa88711f4e65cb036d1920523266c282afcdd79a071f22,Source
일방이 권리를 행사하지 않더라도 그 권리를 포기한 것으로 보지 않는다.,8dc6242a14a773cf1aaa88711f4e65cb036d1920523266c282afcdd79a071f22,Source
당사자 간 완전한 합의,e81239d58865f674af889bc77be0bd6ec55a34b8cdfb0f1f342d38effdec7dad,Source
본 계약은 당사자 간 완전한 합의를 구성한다.,e81239d58865f674af889bc77be0bd6ec55a34b8cdfb0f1f342d38effdec7dad,Source
당사자 간의 모든 합의 내용이 본 계약에 포함된다.,e81239d58865f674af889bc77be0bd6ec55a34b8cdfb0f1f342d38effdec7dad,Source
본 계약이 당사자 간 완전한 합의를 구성한다.,e81239d58865f674af889bc77be0bd6ec55a34b8cdfb0f1f342d38effdec7dad,Source
한국어,4ec10f3abb62568f9c4b5b9fa9f78522ca93a23234004cfa248b3a54bfc8219c,Source
한국어본,4ec10f3abb62568f9c4b5b9fa9f78522ca93a23234004cfa248b3a54bfc8219c,Source
번역본과 불일치 시,4ec10f3abb62568f9c4b5b9fa9f78522ca93a23234004cfa248b3a54bfc8219c,Source
본 계약은 한국어로 작성된다.,4ec10f3abb62568f9c4b5b9fa9f78522ca93a23234004cfa248b3a54bfc8219c,Source
번역본과 불일치 시 한국어본이 우선한다.,4ec10f3abb62568f9c4b5b9fa9f78522ca93a23234004cfa248b3a54bfc8219c,Source
한국어본이 우선한다.,4ec10f3abb62568f9c4b5b9fa9f78522ca93a23234004cfa248b3a54bfc8219c,Source
본 계약이 한국어로 작성된다.,4ec10f3abb62568f9c4b5b9fa9f78522ca93a23234004cfa248b3a54bfc8219c,Source
한국어본이 번역본과 불일치할 경우 한국어본이 우선한다.,4ec10f3abb62568f9c4b5b9fa9f78522ca93a23234004cfa248b3a54bfc8219c,Source
번역본,4ec10f3abb62568f9c4b5b9fa9f78522ca93a23234004cfa248b3a54bfc8219c,Source
부록,a2ef614c3fa84384ac97cca094046f5dd32c6f4fe5af99fd81665a95414da74f,Source
별첨,a2ef614c3fa84384ac97cca094046f5dd32c6f4fe5af99fd81665a95414da74f,Source
본 계약의 부록과 별첨이 존재한다.,a2ef614c3fa84384ac97cca094046f5dd32c6f4fe5af99fd81665a95414da74f,Source
부록과 별첨이 계약의 일부를 구성한다.,a2ef614c3fa84384ac97cca094046f5dd32c6f4fe5af99fd81665a95414da74f,Source
본 계약의 부록과 별첨은 계약의 일부를 구성한다.,a2ef614c3fa84384ac97cca094046f5dd32c6f4fe5af99fd81665a95414da74f,Source
사본,8334dbe07e8dc9ca33ed29d3054cde0914449d51bbd0aa85acdc7576c8114acc,Source
본 계약은 2부를 작성한다.,8334dbe07e8dc9ca33ed29d3054cde0914449d51bbd0aa85acdc7576c8114acc,Source
각 당사자가 1부씩 보관한다.,8334dbe07e8dc9ca33ed29d3054cde0914449d51bbd0aa85acdc7576c8114acc,Source
본 계약을 2부 작성한다.,8334dbe07e8dc9ca33ed29d3054cde0914449d51bbd0aa85acdc7576c8114acc,Source
각 당사자가 계약서 1부씩을 보관한다.,8334dbe07e8dc9ca33ed29d3054cde0914449d51bbd0aa85acdc7576c8114acc,Source
계약서 1부,8334dbe07e8dc9ca33ed29d3054cde0914449d51bbd0aa85acdc7576c8114acc,Source
대리인,df8ce3efce977ab6ea425b056d49fd7f7930eafb951a660fc44786b60b488582,Source
각 당사자는 대리인을 선임할 수 있다.,df8ce3efce977ab6ea425b056d49fd7f7930eafb951a660fc44786b60b488582,Source
각 당사자는 필요시 대리인을 선임할 수 있다.,df8ce3efce977ab6ea425b056d49fd7f7930eafb951a660fc44786b60b488582,Source
선량한 관리자의 주의의무,b0fff6990f2fd8208ef017a9d42dc9081145943e0d3dd9d24e9a1154b93ddc71,Source
양 당사자는 본 계약을 이행한다.,b0fff6990f2fd8208ef017a9d42dc9081145943e0d3dd9d24e9a1154b93ddc71,Source
양 당사자는 선량한 관리자의 주의의무로 본 계약을 이행한다.,b0fff6990f2fd8208ef017a9d42dc9081145943e0d3dd9d24e9a1154b93ddc71,Source
양 당사자가 선량한 관리자의 주의의무로 본 계약을 이행한다.,b0fff6990f2fd8208ef017a9d42dc9081145943e0d3dd9d24e9a1154b93ddc71,Source
불가항력적 사유,9932f5d9b45940977b662275ab67e22ea0859aa90091004073c9b0017ac17ba8,Source
불이행,9932f5d9b45940977b662275ab67e22ea0859aa90091004073c9b0017ac17ba8,Source
책임,9932f5d9b45940977b662275ab67e22ea0859aa90091004073c9b0017ac17ba8,Source
천재지변,9932f5d9b45940977b662275ab67e22ea0859aa90091004073c9b0017ac17ba8,Source
천재지변 등 불가항력적 사유가 발생한다.,9932f5d9b45940977b662275ab67e22ea0859aa90091004073c9b0017ac17ba8,Source
의무를 이행하지 못한다.,9932f5d9b45940977b662275ab67e22ea0859aa90091004073c9b0017ac17ba8,Source
책임을 면한다.,9932f5d9b45940977b662275ab67e22ea0859aa90091004073c9b0017ac17ba8,Source
불가항력적 사유로 인한 불이행이 발생한다.,9932f5d9b45940977b662275ab67e22ea0859aa90091004073c9b0017ac17ba8,Source
천재지변이 불가항력적 사유로 작용한다.,9932f5d9b45940977b662275ab67e22ea0859aa90091004073c9b0017ac17ba8,Source
불가항력적 사유로 인한 불이행에 대해 책임이 면제된다.,9932f5d9b45940977b662275ab67e22ea0859aa90091004073c9b0017ac17ba8,Source
어느 일방에게 유리하게,61aab4df49db95f18308dfda60ebed13fadf69338d0e10424889f9281abec98e,Source
본 계약은 어느 일방에게 유리하게 해석되지 않는다.,61aab4df49db95f18308dfda60ebed13fadf69338d0e10424889f9281abec98e,Source
계약 해석 시 어느 일방에게도 편향되지 않는다.,61aab4df49db95f18308dfda60ebed13fadf69338d0e10424889f9281abec98e,Source
본 계약상 모든 기한이 엄격히 준수된다.,9ca35626b6a216f7c65ebf0afb846b69db854975569a47280482c7b61bf77d8c,Source
시간의 엄수가 이루어진다.,9ca35626b6a216f7c65ebf0afb846b69db854975569a47280482c7b61bf77d8c,Source
모든 기한이 본 계약상에서 엄격히 준수되어야 한다.,9ca35626b6a216f7c65ebf0afb846b69db854975569a47280482c7b61bf77d8c,Source
모든 기한,9ca35626b6a216f7c65ebf0afb846b69db854975569a47280482c7b61bf77d8c,Source
거래 관련 공동 비용,530a83034f3c1188706b68bc36ea1e59f858da1a04d3d2eb8a3a93afa0c9ef26,Source
거래와 관련된 공동 비용이 발생한다.,530a83034f3c1188706b68bc36ea1e59f858da1a04d3d2eb8a3a93afa0c9ef26,Source
공동 비용을 균등하게 분담한다.,530a83034f3c1188706b68bc36ea1e59f858da1a04d3d2eb8a3a93afa0c9ef26,Source
거래 관련 공동 비용을 균등 분담한다.,530a83034f3c1188706b68bc36ea1e59f858da1a04d3d2eb8a3a93afa0c9ef26,Source
거래 당사자,530a83034f3c1188706b68bc36ea1e59f858da1a04d3d2eb8a3a93afa0c9ef26,Source
더 유리한 조건,a2af0676d5386e19d0610dce7e768ddc9678dc4beda83a04f2e916dca8046347,Source
매도인이 제3자에게 더 유리한 조건을 제시한다.,a2af0676d5386e19d0610dce7e768ddc9678dc4beda83a04f2e916dca8046347,Source
매수인에게도 동일한 조건이 적용된다.,a2af0676d5386e19d0610dce7e768ddc9678dc4beda83a04f2e916dca8046347,Source
매수인에게 제3자에게 제시된 더 유리한 조건을 동일하게 적용한다.,a2af0676d5386e19d0610dce7e768ddc9678dc4beda83a04f2e916dca8046347,Source
서명,2cbd1512378738e7d42f378ed6d3cb7328f4450f673740e315382edcb263041b,Source
대표이사,2cbd1512378738e7d42f378ed6d3cb7328f4450f673740e315382edcb263041b,Source
본 계약의 효력 발생을 위해 아래와 같이 서명한다.,2cbd1512378738e7d42f378ed6d3cb7328f4450f673740e315382edcb263041b,Source
매도인과 매수인이 계약서에 서명한다.,2cbd1512378738e7d42f378ed6d3cb7328f4450f673740e315382edcb263041b,Source
본 계약이 효력을 발생한다.,2cbd1512378738e7d42f378ed6d3cb7328f4450f673740e315382edcb263041b,Source
주식회사 알파벤처스의 대표이사가 본 계약에 서명한다.,2cbd1512378738e7d42f378ed6d3cb7328f4450f673740e315382edcb263041b,Source
주식회사 알파벤처스 대표이사,2cbd1512378738e7d42f378ed6d3cb7328f4450f673740e315382edcb263041b,Source
주식회사 베타홀딩스의 대표이사가 본 계약에 서명한다.,2cbd1512378738e7d42f378ed6d3cb7328f4450f673740e315382edcb263041b,Source
주식회사 베타홀딩스 대표이사,2cbd1512378738e7d42f378ed6d3cb7328f4450f673740e315382edcb263041b,Source
