:START_ID,:END_ID,relation,concepts,synsets,:TYPE
주식매매계약서가 작성된다.,주식매매계약서,is participated by,[],[],Relation
주식회사 알파벤처스,주식회사 감마테크,매도인이다,[],[],Relation
주식회사 베타홀딩스,주식회사 감마테크,매수인이다,[],[],Relation
주식회사 알파벤처스,주식회사 베타홀딩스,계약을 체결한다,[],[],Relation
계약,2025년 1월 1일,체결일이다,[],[],Relation
2025년 1월 1일에 계약일자가 정해졌다.,주식회사 알파벤처스와 주식회사 베타홀딩스가 계약 당사자가 되었다.,이후,[],[],Relation
주식회사 알파벤처스와 주식회사 베타홀딩스가 계약 당사자가 되었다.,주식회사 감마테크가 계약의 대상회사가 되었다.,동시에,[],[],Relation
주식회사 알파벤처스와 주식회사 베타홀딩스가 2025년 1월 1일에 계약을 체결한다.,주식회사 알파벤처스,is participated by,[],[],Relation
주식회사 알파벤처스와 주식회사 베타홀딩스가 2025년 1월 1일에 계약을 체결한다.,주식회사 베타홀딩스,is participated by,[],[],Relation
주식회사 알파벤처스가 주식회사 감마테크를 대상으로 계약을 체결한다.,주식회사 알파벤처스,is participated by,[],[],Relation
주식회사 알파벤처스가 주식회사 감마테크를 대상으로 계약을 체결한다.,주식회사 감마테크,is participated by,[],[],Relation
주식회사 베타홀딩스가 주식회사 감마테크를 대상으로 계약을 체결한다.,주식회사 베타홀딩스,is participated by,[],[],Relation
주식회사 베타홀딩스가 주식회사 감마테크를 대상으로 계약을 체결한다.,주식회사 감마테크,is participated by,[],[],Relation
제1장 총칙이 시작된다.,제1장 총칙,is participated by,[],[],Relation
매도인,"대상회사 발행 보통주식 10,000,000주",보유하다,[],[],Relation
매도인,매매주식,매도하다,[],[],Relation
매수인,매매주식,매수하다,[],[],Relation
본 계약,매매주식 매도 및 매수에 필요한 제반 사항,규정하다,[],[],Relation
"매도인이 보유한 대상회사 발행 보통주식 10,000,000주를 매수인에게 매도한다.",매수인이 이를 매수한다.,동시에,[],[],Relation
"매도인이 보유한 대상회사 발행 보통주식 10,000,000주를 매수인에게 매도한다.",본 계약이 필요한 제반 사항을 규정한다.,때문에,[],[],Relation
매수인이 이를 매수한다.,본 계약이 필요한 제반 사항을 규정한다.,때문에,[],[],Relation
"매도인이 대상회사 발행 보통주식 10,000,000주를 매수인에게 매도한다.",매도인,is participated by,[],[],Relation
"매도인이 대상회사 발행 보통주식 10,000,000주를 매수인에게 매도한다.",대상회사,is participated by,[],[],Relation
"매도인이 대상회사 발행 보통주식 10,000,000주를 매수인에게 매도한다.",매수인,is participated by,[],[],Relation
"매도인이 대상회사 발행 보통주식 10,000,000주를 매수인에게 매도한다.","보통주식 10,000,000주",is participated by,[],[],Relation
"매수인이 매도인으로부터 대상회사 발행 보통주식 10,000,000주를 매수한다.",매수인,is participated by,[],[],Relation
"매수인이 매도인으로부터 대상회사 발행 보통주식 10,000,000주를 매수한다.",매도인,is participated by,[],[],Relation
"매수인이 매도인으로부터 대상회사 발행 보통주식 10,000,000주를 매수한다.",대상회사,is participated by,[],[],Relation
"매수인이 매도인으로부터 대상회사 발행 보통주식 10,000,000주를 매수한다.","보통주식 10,000,000주",is participated by,[],[],Relation
본 계약은 매도인과 매수인 간의 매매에 필요한 제반 사항을 규정한다.,본 계약,is participated by,[],[],Relation
본 계약은 매도인과 매수인 간의 매매에 필요한 제반 사항을 규정한다.,매도인,is participated by,[],[],Relation
본 계약은 매도인과 매수인 간의 매매에 필요한 제반 사항을 규정한다.,매수인,is participated by,[],[],Relation
거래종결일,제51조에 따라 주식 양도가 완료되는 날,의미한다,[],[],Relation
영업일,대한민국의 은행이 정상 영업하는 날,의미한다,[],[],Relation
중요한 부정적 변동,"대상회사의 재무상태, 영업, 자산에 중대한 악영향을 미치는 사건",의미한다,[],[],Relation
주식 양도가 완료된다.,"""거래종결일""이 된다.",이후,[],[],Relation
대한민국의 은행이 정상 영업한다.,"""영업일""이다.",동시에,[],[],Relation
"대상회사의 재무상태, 영업, 자산에 중대한 악영향을 미치는 사건이 발생한다.","""중요한 부정적 변동""이 발생한다.",결과로,[],[],Relation
거래종결일은 제51조에 따라 주식 양도가 완료되는 날로 정의된다.,거래종결일,is participated by,[],[],Relation
거래종결일은 제51조에 따라 주식 양도가 완료되는 날로 정의된다.,제51조,is participated by,[],[],Relation
거래종결일은 제51조에 따라 주식 양도가 완료되는 날로 정의된다.,주식,is participated by,[],[],Relation
영업일은 대한민국의 은행이 정상 영업하는 날로 정의된다.,영업일,is participated by,[],[],Relation
영업일은 대한민국의 은행이 정상 영업하는 날로 정의된다.,대한민국의 은행,is participated by,[],[],Relation
"중요한 부정적 변동은 대상회사의 재무상태, 영업, 자산에 중대한 악영향을 미치는 사건으로 정의된다.",중요한 부정적 변동,is participated by,[],[],Relation
"중요한 부정적 변동은 대상회사의 재무상태, 영업, 자산에 중대한 악영향을 미치는 사건으로 정의된다.",대상회사,is participated by,[],[],Relation
"중요한 부정적 변동은 대상회사의 재무상태, 영업, 자산에 중대한 악영향을 미치는 사건으로 정의된다.",재무상태,is participated by,[],[],Relation
"중요한 부정적 변동은 대상회사의 재무상태, 영업, 자산에 중대한 악영향을 미치는 사건으로 정의된다.",영업,is participated by,[],[],Relation
"중요한 부정적 변동은 대상회사의 재무상태, 영업, 자산에 중대한 악영향을 미치는 사건으로 정의된다.",자산,is participated by,[],[],Relation
양 당사자,본 계약,계약을 체결한다,[],[],Relation
양 당사자,본 계약,계약을 이행한다,[],[],Relation
양 당사자,본 계약의 체결 및 이행,상호 선의와 신뢰를 바탕으로 협력한다,[],[],Relation
양 당사자가 본 계약을 체결한다.,양 당사자가 본 계약을 이행한다.,이후,[],[],Relation
양 당사자가 상호 선의와 신뢰를 바탕으로 한다.,양 당사자가 성실히 협력한다.,때문에,[],[],Relation
양 당사자가 본 계약을 체결한다.,양 당사자,is participated by,[],[],Relation
양 당사자가 본 계약을 체결한다.,본 계약,is participated by,[],[],Relation
양 당사자가 본 계약을 이행한다.,양 당사자,is participated by,[],[],Relation
양 당사자가 본 계약을 이행한다.,본 계약,is participated by,[],[],Relation
양 당사자가 상호 선의와 신뢰를 바탕으로 성실히 협력한다.,양 당사자,is participated by,[],[],Relation
양 당사자가 상호 선의와 신뢰를 바탕으로 성실히 협력한다.,선의,is participated by,[],[],Relation
양 당사자가 상호 선의와 신뢰를 바탕으로 성실히 협력한다.,신뢰,is participated by,[],[],Relation
본 계약,매매주식의 매매와 관련한 당사자 간의 모든 합의,포함한다,[],[],Relation
본 계약,이전의 모든 구두 또는 서면 합의,대체한다,[],[],Relation
본 계약은 매매주식의 매매와 관련한 당사자 간의 모든 합의를 포함한다.,본 계약은 이전의 모든 구두 또는 서면 합의를 대체한다.,동시에,[],[],Relation
이전의 모든 구두 또는 서면 합의가 존재했다.,본 계약이 체결되어 이전의 모든 구두 또는 서면 합의를 대체한다.,이후,[],[],Relation
본 계약이 체결된다.,이전의 모든 구두 또는 서면 합의가 대체된다.,결과로,[],[],Relation
본 계약은 매매주식의 매매와 관련한 당사자 간의 모든 합의를 포함한다.,본 계약,is participated by,[],[],Relation
본 계약은 매매주식의 매매와 관련한 당사자 간의 모든 합의를 포함한다.,매매주식,is participated by,[],[],Relation
본 계약은 매매주식의 매매와 관련한 당사자 간의 모든 합의를 포함한다.,당사자,is participated by,[],[],Relation
본 계약은 이전의 모든 구두 또는 서면 합의를 대체한다.,본 계약,is participated by,[],[],Relation
본 계약은 이전의 모든 구두 또는 서면 합의를 대체한다.,이전의 구두 합의,is participated by,[],[],Relation
본 계약은 이전의 모든 구두 또는 서면 합의를 대체한다.,이전의 서면 합의,is participated by,[],[],Relation
매매주식의 총 매매가격,"금 일천억원(₩100,000,000,000)",정해진다,[],[],Relation
주당 매매가격,"금 일만원(₩10,000)",정해진다,[],[],Relation
"매매주식의 총 매매가격은 금 일천억원(₩100,000,000,000)으로 한다.","주당 매매가격은 금 일만원(₩10,000)으로 한다.",결과로,[],[],Relation
"매매주식의 총 매매가격을 금 일천억원(₩100,000,000,000)으로 정한다.",매매주식,is participated by,[],[],Relation
"주당 매매가격을 금 일만원(₩10,000)으로 정한다.",매매주식,is participated by,[],[],Relation
진술,본 계약 체결일,기준일로 한다,[],[],Relation
진술,거래종결일,기준일로 한다,[],[],Relation
보증,본 계약 체결일,기준일로 한다,[],[],Relation
보증,거래종결일,기준일로 한다,[],[],Relation
본 계약이 체결된다.,거래가 종결된다.,이전,[],[],Relation
진술과 보증이 있다.,진술과 보증의 기준일이 본 계약 체결일과 거래종결일이 된다.,결과로,[],[],Relation
달리 명시되지 않는다.,모든 진술과 보증은 본 계약 체결일과 거래종결일을 기준으로 한다.,결과로,[],[],Relation
모든 진술과 보증은 본 계약 체결일을 기준으로 한다.,진술,is participated by,[],[],Relation
모든 진술과 보증은 본 계약 체결일을 기준으로 한다.,보증,is participated by,[],[],Relation
모든 진술과 보증은 본 계약 체결일을 기준으로 한다.,본 계약 체결일,is participated by,[],[],Relation
모든 진술과 보증은 거래종결일을 기준으로 한다.,진술,is participated by,[],[],Relation
모든 진술과 보증은 거래종결일을 기준으로 한다.,보증,is participated by,[],[],Relation
모든 진술과 보증은 거래종결일을 기준으로 한다.,거래종결일,is participated by,[],[],Relation
각 당사자,제3자,비밀정보를 공개하지 않는다,[],[],Relation
각 당사자,상대방,비밀정보를 취득한다,[],[],Relation
법령상 요구 또는 상대방의 서면 동의,비밀정보 공개 금지,예외를 허용한다,[],[],Relation
각 당사자가 본 계약과 관련하여 취득한 상대방의 비밀정보를 제3자에게 공개하지 않는다.,법령상 요구되거나 상대방의 서면 동의가 있는 경우는 예외로 한다.,이전,[],[],Relation
법령상 요구가 있거나 상대방의 서면 동의가 있다.,각 당사자가 비밀정보를 제3자에게 공개할 수 있다.,때문에,[],[],Relation
각 당사자는 본 계약과 관련하여 취득한 상대방의 비밀정보를 제3자에게 공개하지 않는다.,각 당사자,is participated by,[],[],Relation
각 당사자는 본 계약과 관련하여 취득한 상대방의 비밀정보를 제3자에게 공개하지 않는다.,상대방,is participated by,[],[],Relation
각 당사자는 본 계약과 관련하여 취득한 상대방의 비밀정보를 제3자에게 공개하지 않는다.,제3자,is participated by,[],[],Relation
법령상 요구가 있는 경우 비밀정보 공개가 예외로 인정된다.,법령,is participated by,[],[],Relation
법령상 요구가 있는 경우 비밀정보 공개가 예외로 인정된다.,비밀정보,is participated by,[],[],Relation
상대방의 서면 동의가 있는 경우 비밀정보 공개가 예외로 인정된다.,상대방,is participated by,[],[],Relation
상대방의 서면 동의가 있는 경우 비밀정보 공개가 예외로 인정된다.,비밀정보,is participated by,[],[],Relation
매수인,거래종결 전,추가 실사를 요청할 수 있다,[],[],Relation
매도인,추가 실사,협조해야 한다,[],[],Relation
매수인은 거래종결 전 언제든지 추가 실사를 요청할 수 있다.,거래가 종결된다.,이전에,[],[],Relation
매수인은 추가 실사를 요청할 수 있다.,매도인은 이에 성실히 협조해야 한다.,결과로,[],[],Relation
매수인이 추가 실사를 요청한다.,매도인은 이에 성실히 협조해야 한다.,때문에,[],[],Relation
매수인은 거래종결 전 언제든지 추가 실사를 요청할 수 있다.,매수인,is participated by,[],[],Relation
매도인은 매수인의 추가 실사 요청에 성실히 협조해야 한다.,매도인,is participated by,[],[],Relation
매도인은 매수인의 추가 실사 요청에 성실히 협조해야 한다.,매수인,is participated by,[],[],Relation
매매대금,거래종결일,지급된다,[],[],Relation
매매대금,현금,지급된다,[],[],Relation
지급,매도인이 지정한 계좌,진행된다,[],[],Relation
지급,송금,진행된다,[],[],Relation
매매대금은 거래종결일에 전액 현금으로 지급한다.,지급은 매도인이 지정한 계좌로 송금하는 방식으로 한다.,이후,[],[],Relation
매매대금은 거래종결일에 전액 현금으로 지급한다.,지급은 매도인이 지정한 계좌로 송금하는 방식으로 한다.,결과로,[],[],Relation
매수인은 거래종결일에 매매대금을 전액 현금으로 지급한다.,매수인,is participated by,[],[],Relation
매수인은 거래종결일에 매매대금을 전액 현금으로 지급한다.,매매대금,is participated by,[],[],Relation
매수인은 매도인이 지정한 계좌로 매매대금을 송금한다.,매수인,is participated by,[],[],Relation
매수인은 매도인이 지정한 계좌로 매매대금을 송금한다.,매도인,is participated by,[],[],Relation
매수인은 매도인이 지정한 계좌로 매매대금을 송금한다.,매매대금,is participated by,[],[],Relation
매수인은 매도인이 지정한 계좌로 매매대금을 송금한다.,매도인이 지정한 계좌,is participated by,[],[],Relation
본 계약,대한민국 법률,해석된다,[],[],Relation
분쟁,본 계약의 해석,발생한다,[],[],Relation
본 계약의 해석에 대한 분쟁이 있을 경우,대한민국 법률에 따라 해석한다,때문에,[],[],Relation
본 계약의 해석에 대한 분쟁이 발생한다.,본 계약,is participated by,[],[],Relation
분쟁이 발생할 경우 본 계약을 대한민국 법률에 따라 해석한다.,본 계약,is participated by,[],[],Relation
분쟁이 발생할 경우 본 계약을 대한민국 법률에 따라 해석한다.,대한민국 법률,is participated by,[],[],Relation
매매계약이 체결된다.,매매조건이 적용된다.,이후,[],[],Relation
제2장 매매조건이 언급된다.,제2장,is participated by,[],[],Relation
제2장 매매조건이 언급된다.,매매조건,is participated by,[],[],Relation
매도인,매매주식에 대한 완전한 소유권,이전한다,[],[],Relation
매매주식에 대한 완전한 소유권,매수인,이전받는다,[],[],Relation
거래종결일이 도래한다.,매매주식에 대한 완전한 소유권을 매수인에게 이전한다.,이후,[],[],Relation
거래종결일에 매매주식에 대한 완전한 소유권을 매수인에게 이전한다.,매수인은 매매주식의 완전한 소유권을 갖게 된다.,결과로,[],[],Relation
매도인은 매매주식에 대한 완전한 소유권을 매수인에게 이전한다.,매도인,is participated by,[],[],Relation
매도인은 매매주식에 대한 완전한 소유권을 매수인에게 이전한다.,매매주식,is participated by,[],[],Relation
매도인은 매매주식에 대한 완전한 소유권을 매수인에게 이전한다.,매수인,is participated by,[],[],Relation
매수인,경영 자문,요청할 수 있다,[],[],Relation
매수인,매도인,요청 상대이다,[],[],Relation
경영 자문,매도인,요청받을 수 있다,[],[],Relation
거래가 종결된다.,매수인은 경영 자문을 요청할 수 있다.,이후,[],[],Relation
거래가 종결된 후 6개월 이내이다.,매수인은 매도인에게 경영 자문을 요청할 수 있다.,동시에,[],[],Relation
매수인은 거래종결 후 6개월 내에 매도인에게 경영 자문을 요청할 수 있다.,매수인,is participated by,[],[],Relation
매수인은 거래종결 후 6개월 내에 매도인에게 경영 자문을 요청할 수 있다.,매도인,is participated by,[],[],Relation
운전자본,매매대금 조정,변동에 따라,[],[],Relation
순부채,매매대금 조정,변동에 따라,[],[],Relation
매매대금 조정,제92조,제92조에 정한 바에 따른다,[],[],Relation
"운전자본, 순부채 등의 변동이 발생한다.",매매대금이 조정된다.,이후,[],[],Relation
제92조에 정한 바에 따른다.,매매대금 조정이 이루어진다.,때문에,[],[],Relation
"운전자본, 순부채 등의 변동에 따라 매매대금이 조정된다.",운전자본,is participated by,[],[],Relation
"운전자본, 순부채 등의 변동에 따라 매매대금이 조정된다.",순부채,is participated by,[],[],Relation
"운전자본, 순부채 등의 변동에 따라 매매대금이 조정된다.",매매대금,is participated by,[],[],Relation
매매대금 조정은 제92조에 정한 바에 따라 이루어진다.,매매대금 조정,is participated by,[],[],Relation
매매대금 조정은 제92조에 정한 바에 따라 이루어진다.,제92조,is participated by,[],[],Relation
매매주식,"담보권, 제한, 부담도 없는 상태",양도되어야 한다,[],[],Relation
"매매주식은 담보권, 제한, 부담이 없다.",매매주식이 양도된다.,결과로,[],[],Relation
"매매주식이 담보권, 제한, 부담 없이 양도되어야 한다.",매매주식,is participated by,[],[],Relation
매수인,대상회사에 대한 확인실사,수행할 수 있다,[],[],Relation
확인실사,회계,포함한다,[],[],Relation
확인실사,법무,포함한다,[],[],Relation
확인실사,세무,포함한다,[],[],Relation
확인실사,영업 전 분야,포함한다,[],[],Relation
하자나 문제점,실사 과정,문서화되어야 한다,[],[],Relation
매수인은 거래종결일로부터 30영업일 이내에 대상회사에 대한 확인실사를 수행할 수 있다.,거래종결이 이루어진다.,이후,[],[],Relation
"확인실사는 회계, 법무, 세무, 영업 전 분야를 포함한다.",매수인이 대상회사에 대한 확인실사를 수행한다.,동시에,[],[],Relation
실사 과정에서 발견된 하자나 문제점은 문서화되어야 한다.,실사 과정에서 하자나 문제점이 발견된다.,결과로,[],[],Relation
매수인은 거래종결일로부터 30영업일 이내에 대상회사에 대한 확인실사를 수행할 수 있다.,매수인,is participated by,[],[],Relation
매수인은 거래종결일로부터 30영업일 이내에 대상회사에 대한 확인실사를 수행할 수 있다.,대상회사,is participated by,[],[],Relation
"확인실사는 회계, 법무, 세무, 영업 전 분야를 포함한다.",확인실사,is participated by,[],[],Relation
"확인실사는 회계, 법무, 세무, 영업 전 분야를 포함한다.",회계,is participated by,[],[],Relation
"확인실사는 회계, 법무, 세무, 영업 전 분야를 포함한다.",법무,is participated by,[],[],Relation
"확인실사는 회계, 법무, 세무, 영업 전 분야를 포함한다.",세무,is participated by,[],[],Relation
"확인실사는 회계, 법무, 세무, 영업 전 분야를 포함한다.",영업,is participated by,[],[],Relation
실사 과정에서 발견된 하자나 문제점은 문서화되어야 한다.,실사 과정,is participated by,[],[],Relation
실사 과정에서 발견된 하자나 문제점은 문서화되어야 한다.,하자,is participated by,[],[],Relation
실사 과정에서 발견된 하자나 문제점은 문서화되어야 한다.,문제점,is participated by,[],[],Relation
실사 과정에서 발견된 하자나 문제점은 문서화되어야 한다.,문서,is participated by,[],[],Relation
매도인,대상회사,경쟁하는 사업을 영위하지 않는다,[],[],Relation
경쟁하는 사업,거래종결일로부터 3년간,제한 기간,[],[],Relation
거래종결일이 도래한다.,매도인은 3년간 대상회사와 경쟁하는 사업을 영위하지 않는다.,이후,[],[],Relation
매도인은 거래종결일로부터 3년간 대상회사와 경쟁하는 사업을 영위하지 않는다.,매도인,is participated by,[],[],Relation
매도인은 거래종결일로부터 3년간 대상회사와 경쟁하는 사업을 영위하지 않는다.,대상회사,is participated by,[],[],Relation
대상회사,핵심 임직원,보유하다,[],[],Relation
핵심 임직원,거래종결 후 최소 1년,근무를 유지하다,[],[],Relation
거래종결이 이루어진다.,대상회사의 핵심 임직원은 최소 1년간 근무를 유지하도록 최선의 노력을 다한다.,이후,[],[],Relation
거래종결이 이루어진다.,대상회사의 핵심 임직원은 최소 1년간 근무를 유지하도록 최선의 노력을 다한다.,때문에,[],[],Relation
대상회사의 핵심 임직원이 거래종결 후 최소 1년간 근무를 유지하도록 최선의 노력을 다한다.,대상회사,is participated by,[],[],Relation
대상회사의 핵심 임직원이 거래종결 후 최소 1년간 근무를 유지하도록 최선의 노력을 다한다.,핵심 임직원,is participated by,[],[],Relation
매도인,주요 고객과의 관계 원만한 유지,적극 협조한다,[],[],Relation
매도인은 주요 고객과의 관계가 원만히 유지되도록 적극 협조한다.,고객 관계가 유지된다.,결과로,[],[],Relation
매도인이 주요 고객과의 관계가 원만히 유지되도록 적극 협조한다.,매도인,is participated by,[],[],Relation
매도인이 주요 고객과의 관계가 원만히 유지되도록 적극 협조한다.,주요 고객,is participated by,[],[],Relation
대상회사,모든 라이선스와 허가,보유하다,[],[],Relation
모든 라이선스와 허가,거래종결 후,유효하게 유지되어야 한다,[],[],Relation
대상회사가 보유한 모든 라이선스와 허가가 있다.,거래종결이 일어난다.,이후,[],[],Relation
거래종결이 일어난다.,모든 라이선스와 허가가 유효하게 유지되어야 한다.,이후,[],[],Relation
대상회사가 보유한 모든 라이선스와 허가는 거래종결 후에도 유효하게 유지되어야 한다.,대상회사,is participated by,[],[],Relation
대상회사가 보유한 모든 라이선스와 허가는 거래종결 후에도 유효하게 유지되어야 한다.,모든 라이선스,is participated by,[],[],Relation
대상회사가 보유한 모든 라이선스와 허가는 거래종결 후에도 유효하게 유지되어야 한다.,모든 허가,is participated by,[],[],Relation
대상회사가 보유한 모든 라이선스와 허가는 거래종결 후에도 유효하게 유지되어야 한다.,거래종결,is participated by,[],[],Relation
대상회사,모든 보험계약,유지하고 있다,[],[],Relation
모든 보험계약,거래종결일 현재,유효하다,[],[],Relation
모든 보험계약,적절한 보상한도,유지하고 있다,[],[],Relation
대상회사의 모든 보험계약은 거래종결일 현재 유효하다.,적절한 보상한도를 유지하고 있다.,동시에,[],[],Relation
대상회사의 모든 보험계약은 거래종결일 현재 유효하다.,대상회사,is participated by,[],[],Relation
대상회사의 모든 보험계약은 거래종결일 현재 유효하다.,보험계약,is participated by,[],[],Relation
대상회사의 모든 보험계약은 거래종결일 현재 유효하다.,거래종결일,is participated by,[],[],Relation
대상회사는 보험계약의 적절한 보상한도를 유지하고 있다.,대상회사,is participated by,[],[],Relation
대상회사는 보험계약의 적절한 보상한도를 유지하고 있다.,보험계약,is participated by,[],[],Relation
대상회사는 보험계약의 적절한 보상한도를 유지하고 있다.,보상한도,is participated by,[],[],Relation
대상회사,부동산,사용한다,[],[],Relation
부동산의 임대차계약,임대차계약 상태,정상적이며 유효하다,[],[],Relation
대상회사가 사용하는 모든 부동산의 임대차계약은 정상적이다.,대상회사가 사용하는 모든 부동산의 임대차계약은 유효하다.,동시에,[],[],Relation
대상회사가 사용하는 모든 부동산의 임대차계약이 정상적이고 유효하다.,대상회사,is participated by,[],[],Relation
대상회사가 사용하는 모든 부동산의 임대차계약이 정상적이고 유효하다.,대상회사가 사용하는 모든 부동산,is participated by,[],[],Relation
대상회사,사업 운영에 필요한 모든 지적재산권,적법하게 보유하거나 사용할 권리를 가진다,[],[],Relation
대상회사는 사업 운영에 필요한 모든 지적재산권을 적법하게 보유하거나 사용할 권리를 가진다.,대상회사는 사업을 운영할 수 있다.,결과로,[],[],Relation
대상회사는 사업 운영에 필요한 모든 지적재산권을 적법하게 보유한다.,대상회사,is participated by,[],[],Relation
대상회사는 사업 운영에 필요한 모든 지적재산권을 적법하게 보유한다.,지적재산권,is participated by,[],[],Relation
대상회사는 사업 운영에 필요한 모든 지적재산권을 사용할 권리를 가진다.,대상회사,is participated by,[],[],Relation
대상회사는 사업 운영에 필요한 모든 지적재산권을 사용할 권리를 가진다.,지적재산권,is participated by,[],[],Relation
당사자,본 계약상 권리의무,양도할 수 없다,[],[],Relation
당사자,상대방의 사전 서면 동의,필요로 한다,[],[],Relation
본 계약상 권리의무,제3자,양도될 수 있다,[],[],Relation
어느 당사자가 본 계약상 권리의무를 제3자에게 양도한다.,상대방의 사전 서면 동의를 받아야 한다.,이전에,[],[],Relation
어느 당사자가 상대방의 사전 서면 동의 없이 본 계약상 권리의무를 제3자에게 양도한다.,계약상 권리의무의 양도가 허용되지 않는다.,결과로,[],[],Relation
계약의 당사자가 상대방의 사전 서면 동의 없이 본 계약상 권리의무를 제3자에게 양도할 수 없다.,계약의 당사자,is participated by,[],[],Relation
계약의 당사자가 상대방의 사전 서면 동의 없이 본 계약상 권리의무를 제3자에게 양도할 수 없다.,상대방,is participated by,[],[],Relation
계약의 당사자가 상대방의 사전 서면 동의 없이 본 계약상 권리의무를 제3자에게 양도할 수 없다.,제3자,is participated by,[],[],Relation
대상회사,환경 관련 법규,준수하다,[],[],Relation
대상회사,환경 관련 소송 및 분쟁,환경 관련 소송이나 분쟁이 없다,[],[],Relation
대상회사는 모든 환경 관련 법규를 준수하고 있다.,환경 관련 소송이나 분쟁이 없다.,결과로,[],[],Relation
대상회사는 모든 환경 관련 법규를 준수하고 있다.,대상회사,is participated by,[],[],Relation
대상회사는 모든 환경 관련 법규를 준수하고 있다.,환경 관련 법규,is participated by,[],[],Relation
대상회사는 환경 관련 소송이나 분쟁이 없다.,대상회사,is participated by,[],[],Relation
대상회사는 환경 관련 소송이나 분쟁이 없다.,환경 관련 소송,is participated by,[],[],Relation
대상회사는 환경 관련 소송이나 분쟁이 없다.,환경 관련 분쟁,is participated by,[],[],Relation
대상회사,개인정보보호법,준수한다,[],[],Relation
대상회사,데이터 보호 관련 법규,준수한다,[],[],Relation
대상회사는 개인정보보호법 등 데이터 보호 관련 법규를 완전히 준수한다.,데이터 보호가 이루어진다.,결과로,[],[],Relation
대상회사는 개인정보보호법 등 데이터 보호 관련 법규를 완전히 준수한다.,대상회사,is participated by,[],[],Relation
대상회사는 개인정보보호법 등 데이터 보호 관련 법규를 완전히 준수한다.,개인정보보호법,is participated by,[],[],Relation
대상회사는 개인정보보호법 등 데이터 보호 관련 법규를 완전히 준수한다.,데이터 보호 관련 법규,is participated by,[],[],Relation
매도인,대상회사,운영한다,[],[],Relation
매도인,통상의 영업과정에 따라,운영한다,[],[],Relation
운영,거래종결일까지,진행된다,[],[],Relation
매도인은 거래종결일까지 대상회사를 통상의 영업과정에 따라 운영한다.,거래종결이 이루어진다.,이전,[],[],Relation
매도인은 거래종결일까지 대상회사를 통상의 영업과정에 따라 운영한다.,매도인,is participated by,[],[],Relation
매도인은 거래종결일까지 대상회사를 통상의 영업과정에 따라 운영한다.,대상회사,is participated by,[],[],Relation
매도인,대상회사 관련 정보,제공한다,[],[],Relation
매수인,대상회사 관련 정보,요청한다,[],[],Relation
매수인이 대상회사 관련 정보를 합리적으로 요청한다.,매도인은 매수인이 요청한 정보를 신속히 제공한다.,이후,[],[],Relation
매수인이 대상회사 관련 정보를 합리적으로 요청한다.,매도인은 매수인이 요청한 정보를 신속히 제공한다.,때문에,[],[],Relation
매수인이 대상회사 관련 정보를 합리적으로 요청한다,매수인,is participated by,[],[],Relation
매수인이 대상회사 관련 정보를 합리적으로 요청한다,대상회사,is participated by,[],[],Relation
매도인이 매수인에게 대상회사 관련 정보를 신속히 제공한다,매도인,is participated by,[],[],Relation
매도인이 매수인에게 대상회사 관련 정보를 신속히 제공한다,매수인,is participated by,[],[],Relation
매도인이 매수인에게 대상회사 관련 정보를 신속히 제공한다,대상회사,is participated by,[],[],Relation
매도인,매수인,진술보증 위반에 대한 하자담보책임을 부담한다,[],[],Relation
하자담보책임,거래종결일로부터 60일간,유효하다,[],[],Relation
조세 관련 사항,공소시효 만료일까지,하자담보책임 유효기간이 적용된다,[],[],Relation
소유권 관련 사항,무기한,하자담보책임 유효기간이 적용된다,[],[],Relation
하자담보책임의 청구,하자담보책임,본 계약에 정한 절차에 따라야 한다,[],[],Relation
거래종결일이 발생한다.,매도인의 진술보증 위반에 대한 하자담보책임이 60일간 유효하다.,이후,[],[],Relation
조세 관련 사항에 대한 하자담보책임이 발생한다.,그 책임 기간이 공소시효 만료일까지 유효하다.,동시에,[],[],Relation
소유권 관련 사항에 대한 하자담보책임이 발생한다.,그 책임 기간이 무기한 유효하다.,동시에,[],[],Relation
하자담보책임의 청구가 이루어진다.,본 계약에 정한 절차를 따라야 한다.,결과로,[],[],Relation
매도인의 진술보증 위반에 대한 하자담보책임은 거래종결일로부터 60일간 유효하다.,매도인,is participated by,[],[],Relation
매도인의 진술보증 위반에 대한 하자담보책임은 거래종결일로부터 60일간 유효하다.,진술보증,is participated by,[],[],Relation
매도인의 진술보증 위반에 대한 하자담보책임은 거래종결일로부터 60일간 유효하다.,하자담보책임,is participated by,[],[],Relation
매도인의 진술보증 위반에 대한 하자담보책임은 거래종결일로부터 60일간 유효하다.,거래종결일,is participated by,[],[],Relation
조세 관련 사항에 대한 하자담보책임은 공소시효 만료일까지 유효하다.,조세 관련 사항,is participated by,[],[],Relation
조세 관련 사항에 대한 하자담보책임은 공소시효 만료일까지 유효하다.,하자담보책임,is participated by,[],[],Relation
조세 관련 사항에 대한 하자담보책임은 공소시효 만료일까지 유효하다.,공소시효,is participated by,[],[],Relation
소유권 관련 사항에 대한 하자담보책임은 무기한 유효하다.,소유권 관련 사항,is participated by,[],[],Relation
소유권 관련 사항에 대한 하자담보책임은 무기한 유효하다.,하자담보책임,is participated by,[],[],Relation
하자담보책임의 청구는 본 계약에 정한 절차에 따라야 한다.,하자담보책임의 청구,is participated by,[],[],Relation
하자담보책임의 청구는 본 계약에 정한 절차에 따라야 한다.,본 계약,is participated by,[],[],Relation
하자담보책임의 청구는 본 계약에 정한 절차에 따라야 한다.,절차,is participated by,[],[],Relation
매수인,외부 전문가,실사를 수행할 수 있다,[],[],Relation
매수인,실사,외부 전문가를 선임할 수 있다,[],[],Relation
매수인은 필요시 외부 전문가를 선임한다.,매수인은 실사를 수행할 수 있다.,이후,[],[],Relation
매수인은 필요시 외부 전문가를 선임한다.,매수인은 실사를 수행할 수 있다.,때문에,[],[],Relation
매수인은 실사를 수행할 수 있다.,매수인,is participated by,[],[],Relation
매수인은 외부 전문가를 선임할 수 있다.,매수인,is participated by,[],[],Relation
매수인은 외부 전문가를 선임할 수 있다.,외부 전문가,is participated by,[],[],Relation
각 당사자,자신의 비용,부담한다,[],[],Relation
자신의 비용,본 거래와 관련,발생한다,[],[],Relation
각 당사자가 본 거래와 관련하여 비용을 부담한다,각 당사자는 자신의 비용을 부담한다,결과로,[],[],Relation
각 당사자는 본 거래와 관련하여 발생한 자신의 비용을 부담한다.,각 당사자,is participated by,[],[],Relation
각 당사자는 본 거래와 관련하여 발생한 자신의 비용을 부담한다.,본 거래,is participated by,[],[],Relation
제3장 진술 및 보증이 명시되어 있다.,계약 당사자는 해당 장의 내용을 확인한다.,이후,[],[],Relation
계약 당사자는 해당 장의 내용을 확인한다.,계약의 진술 및 보증에 동의하게 된다.,결과로,[],[],Relation
매도인,다음 사항이 진실하고 정확함,진술하고 보증한다,[],[],Relation
매도인,본 계약 체결일 및 거래종결일 현재,진술하고 보증한다,[],[],Relation
본 계약이 체결된다,매도인은 다음 사항이 진실하고 정확함을 진술하고 보증한다,이후,[],[],Relation
거래종결일이 도래한다,매도인은 다음 사항이 진실하고 정확함을 진술하고 보증한다,이후,[],[],Relation
매도인은 본 계약 체결일 및 거래종결일 현재 다음 사항이 진실하고 정확함을 진술하고 보증한다.,매도인,is participated by,[],[],Relation
매도인은 본 계약 체결일 및 거래종결일 현재 다음 사항이 진실하고 정확함을 진술하고 보증한다.,본 계약,is participated by,[],[],Relation
매도인은 본 계약 체결일 및 거래종결일 현재 다음 사항이 진실하고 정확함을 진술하고 보증한다.,계약 체결일,is participated by,[],[],Relation
매도인은 본 계약 체결일 및 거래종결일 현재 다음 사항이 진실하고 정확함을 진술하고 보증한다.,거래종결일,is participated by,[],[],Relation
매도인은 본 계약 체결일 및 거래종결일 현재 다음 사항이 진실하고 정확함을 진술하고 보증한다.,다음 사항,is participated by,[],[],Relation
매도인,매매주식,소유하다,[],[],Relation
매도인,처분권한,가진다,[],[],Relation
매도인은 매매주식의 적법하고 완전한 소유자이다.,매도인은 매매주식의 처분권한을 가진다.,동시에,[],[],Relation
매도인은 매매주식의 적법하고 완전한 소유자이다.,매도인은 매매주식의 처분권한을 가진다.,때문에,[],[],Relation
매도인은 매매주식의 적법하고 완전한 소유자이다.,매도인,is participated by,[],[],Relation
매도인은 매매주식의 적법하고 완전한 소유자이다.,매매주식,is participated by,[],[],Relation
매도인은 매매주식에 대한 처분권한을 가진다.,매도인,is participated by,[],[],Relation
매도인은 매매주식에 대한 처분권한을 가진다.,매매주식,is participated by,[],[],Relation
대상회사,재무제표,제공하다,[],[],Relation
재무제표,한국채택국제회계기준,작성되다,[],[],Relation
재무제표,중요한 측면,정확하다,[],[],Relation
제공된 대상회사의 재무제표는 한국채택국제회계기준에 따라 작성되었다.,제공된 대상회사의 재무제표는 중요한 측면에서 정확하다.,이후,[],[],Relation
제공된 대상회사의 재무제표는 한국채택국제회계기준에 따라 작성되었다.,제공된 대상회사의 재무제표는 중요한 측면에서 정확하다.,때문에,[],[],Relation
대상회사의 재무제표가 한국채택국제회계기준에 따라 작성되었다.,대상회사,is participated by,[],[],Relation
대상회사의 재무제표가 한국채택국제회계기준에 따라 작성되었다.,재무제표,is participated by,[],[],Relation
대상회사의 재무제표가 한국채택국제회계기준에 따라 작성되었다.,한국채택국제회계기준,is participated by,[],[],Relation
대상회사의 재무제표가 중요한 측면에서 정확하다.,대상회사,is participated by,[],[],Relation
대상회사의 재무제표가 중요한 측면에서 정확하다.,재무제표,is participated by,[],[],Relation
재무제표,부채,기재하다,[],[],Relation
대상회사,중요한 부채,가지다,[],[],Relation
대상회사,우발채무,가지다,[],[],Relation
재무제표에 기재된 것 외에 대상회사의 중요한 부채나 우발채무는 없다.,대상회사의 중요한 부채나 우발채무가 발견되지 않는다.,결과로,[],[],Relation
대상회사의 중요한 부채나 우발채무가 재무제표에 기재된 것 외에는 존재하지 않는다.,대상회사,is participated by,[],[],Relation
대상회사의 중요한 부채나 우발채무가 재무제표에 기재된 것 외에는 존재하지 않는다.,재무제표,is participated by,[],[],Relation
대상회사의 중요한 부채나 우발채무가 재무제표에 기재된 것 외에는 존재하지 않는다.,중요한 부채,is participated by,[],[],Relation
대상회사의 중요한 부채나 우발채무가 재무제표에 기재된 것 외에는 존재하지 않는다.,우발채무,is participated by,[],[],Relation
중요한 소송,대상회사,존재하지 않는다,[],[],Relation
중재,대상회사,존재하지 않는다,[],[],Relation
행정절차,대상회사,존재하지 않는다,[],[],Relation
"대상회사를 상대로 하거나 대상회사가 당사자인 중요한 소송, 중재, 행정절차가 없다.",현재 대상회사를 둘러싼 법적 분쟁이 존재하지 않는다.,결과로,[],[],Relation
대상회사를 상대로 중요한 소송이 없다.,대상회사,is participated by,[],[],Relation
대상회사가 당사자인 중요한 소송이 없다.,대상회사,is participated by,[],[],Relation
대상회사와 관련된 중요한 중재가 없다.,대상회사,is participated by,[],[],Relation
대상회사와 관련된 중요한 행정절차가 없다.,대상회사,is participated by,[],[],Relation
대상회사,모든 중요한 계약,위반한 사실이 없다,[],[],Relation
계약 상대방,대상회사,위반 통지를 한 사실이 없다,[],[],Relation
대상회사는 모든 중요한 계약을 위반한 사실이 없다.,계약 상대방으로부터 위반 통지를 받은 바 없다.,동시에,[],[],Relation
대상회사는 모든 중요한 계약을 위반한 사실이 없다.,대상회사,is participated by,[],[],Relation
대상회사는 모든 중요한 계약을 위반한 사실이 없다.,중요한 계약,is participated by,[],[],Relation
대상회사는 계약 상대방으로부터 위반 통지를 받은 바 없다.,대상회사,is participated by,[],[],Relation
대상회사는 계약 상대방으로부터 위반 통지를 받은 바 없다.,계약 상대방,is participated by,[],[],Relation
대상회사는 계약 상대방으로부터 위반 통지를 받은 바 없다.,위반 통지,is participated by,[],[],Relation
대상회사,사업과 관련된 모든 법령,준수하고 있다,[],[],Relation
대상회사,사업과 관련된 모든 규정,준수하고 있다,[],[],Relation
"대상회사는 사업과 관련된 모든 법령, 규정을 중요한 측면에서 준수하고 있다.",대상회사는 법규 위반에 따른 제재를 받지 않는다.,결과로,[],[],Relation
"대상회사는 사업과 관련된 모든 법령, 규정을 준수하고 있다.",대상회사,is participated by,[],[],Relation
"대상회사는 사업과 관련된 모든 법령, 규정을 준수하고 있다.",법령,is participated by,[],[],Relation
"대상회사는 사업과 관련된 모든 법령, 규정을 준수하고 있다.",규정,is participated by,[],[],Relation
대상회사,모든 세금,신고했다,[],[],Relation
대상회사,모든 세금,납부했다,[],[],Relation
대상회사,진행 중인 세무조사,가지고 있지 않다,[],[],Relation
대상회사,진행 중인 세무분쟁,가지고 있지 않다,[],[],Relation
대상회사는 모든 세금을 적시에 신고·납부했다.,진행 중인 세무조사나 분쟁이 없다.,결과로,[],[],Relation
대상회사가 모든 세금을 적시에 신고·납부했다.,대상회사,is participated by,[],[],Relation
대상회사가 모든 세금을 적시에 신고·납부했다.,세금,is participated by,[],[],Relation
대상회사에 진행 중인 세무조사가 없다.,대상회사,is participated by,[],[],Relation
대상회사에 진행 중인 세무조사가 없다.,세무조사,is participated by,[],[],Relation
대상회사에 진행 중인 분쟁이 없다.,대상회사,is participated by,[],[],Relation
대상회사에 진행 중인 분쟁이 없다.,분쟁,is participated by,[],[],Relation
대상회사,노동 관련 법규,준수한다,[],[],Relation
대상회사,노동조합과의 단체협약,위반한 바 없다,[],[],Relation
대상회사는 노동 관련 법규를 준수한다.,대상회사는 노동조합과의 단체협약을 위반한 바 없다.,동시에,[],[],Relation
대상회사는 노동 관련 법규를 준수한다.,대상회사는 노동조합과의 단체협약을 위반한 바 없다.,때문에,[],[],Relation
대상회사가 노동 관련 법규를 준수한다.,대상회사,is participated by,[],[],Relation
대상회사가 노동 관련 법규를 준수한다.,노동 관련 법규,is participated by,[],[],Relation
대상회사가 노동조합과의 단체협약을 위반한 적이 없다.,대상회사,is participated by,[],[],Relation
대상회사가 노동조합과의 단체협약을 위반한 적이 없다.,노동조합,is participated by,[],[],Relation
대상회사가 노동조합과의 단체협약을 위반한 적이 없다.,단체협약,is participated by,[],[],Relation
대상회사의 모든 중요 자산,양호한 상태,유지되고 있다,[],[],Relation
대상회사의 모든 중요 자산,정상적으로,운영되고 있다,[],[],Relation
대상회사의 모든 중요 자산은 양호한 상태로 유지되고 있다.,자산이 정상적으로 운영되고 있다.,결과로,[],[],Relation
대상회사의 모든 중요 자산이 양호한 상태로 유지되고 있다.,대상회사,is participated by,[],[],Relation
대상회사의 모든 중요 자산이 양호한 상태로 유지되고 있다.,중요 자산,is participated by,[],[],Relation
대상회사의 모든 중요 자산이 정상적으로 운영되고 있다.,대상회사,is participated by,[],[],Relation
대상회사의 모든 중요 자산이 정상적으로 운영되고 있다.,중요 자산,is participated by,[],[],Relation
실사 과정,중요 계약,공개하다,[],[],Relation
중요 계약,계약,연간 1억원 이상이다,[],[],Relation
연간 1억원 이상의 중요 계약,실사 과정에서 공개되지 않은 계약,존재하지 않는다,[],[],Relation
실사 과정에서 계약 관련 정보가 공개되었다.,공개된 것 외에 연간 1억원 이상의 중요 계약이 없다고 확인되었다.,이후,[],[],Relation
실사 과정에서 일부 계약이 공개되었다.,실사 과정,is participated by,[],[],Relation
실사 과정에서 일부 계약이 공개되었다.,계약,is participated by,[],[],Relation
연간 1억원 이상의 중요 계약은 존재하지 않는다.,연간 1억원 이상의 중요 계약,is participated by,[],[],Relation
매수인,본 계약을 체결하고 이행할 완전한 권한과 능력,보유한다,[],[],Relation
매수인은 본 계약을 체결할 완전한 권한과 능력을 보유한다.,매수인은 본 계약을 체결한다.,이전에,[],[],Relation
매수인은 본 계약을 체결한다.,매수인은 본 계약을 이행한다.,이전에,[],[],Relation
매수인은 본 계약을 체결할 완전한 권한과 능력을 보유한다.,매수인,is participated by,[],[],Relation
매수인은 본 계약을 체결할 완전한 권한과 능력을 보유한다.,본 계약,is participated by,[],[],Relation
매수인은 본 계약을 이행할 완전한 권한과 능력을 보유한다.,매수인,is participated by,[],[],Relation
매수인은 본 계약을 이행할 완전한 권한과 능력을 보유한다.,본 계약,is participated by,[],[],Relation
매수인,매매대금 지급에 필요한 충분한 자금 확보,확인한다,[],[],Relation
매수인은 매매대금 지급에 필요한 충분한 자금을 확보했음을 확인한다.,매수인은 매매대금을 지급한다.,이전에,[],[],Relation
매수인은 매매대금 지급에 필요한 충분한 자금을 확보했음을 확인한다.,매수인,is participated by,[],[],Relation
매수인은 매매대금 지급에 필요한 충분한 자금을 확보했음을 확인한다.,매매대금,is participated by,[],[],Relation
매도인의 진술보증,매수인이 실사 과정에서 실제로 인지한 사항,적용되지 않는다,[],[],Relation
매수인이 실사 과정에서 실제로 어떤 사항을 인지한다.,매도인의 진술보증은 그 사항에 적용되지 않는다.,이후,[],[],Relation
매수인이 실사 과정에서 실제로 어떤 사항을 인지한다.,매도인의 진술보증은 그 사항에 적용되지 않는다.,때문에,[],[],Relation
매도인의 진술보증은 매수인이 실사 과정에서 실제로 인지한 사항에는 적용되지 않는다.,매도인,is participated by,[],[],Relation
매도인의 진술보증은 매수인이 실사 과정에서 실제로 인지한 사항에는 적용되지 않는다.,매수인,is participated by,[],[],Relation
데이터룸,모든 정보,통해 공개하다,[],[],Relation
모든 정보,중요한 측면,정확하다,[],[],Relation
모든 정보,중요한 측면,완전하다,[],[],Relation
데이터룸을 통해 정보가 공개된다.,모든 정보는 중요한 측면에서 정확하고 완전하다.,이후,[],[],Relation
데이터룸을 통해 정보가 공개된다.,모든 정보는 중요한 측면에서 정확하고 완전하다.,때문에,[],[],Relation
데이터룸을 통해 모든 정보가 공개된다.,데이터룸,is participated by,[],[],Relation
데이터룸을 통해 모든 정보가 공개된다.,모든 정보,is participated by,[],[],Relation
공개된 모든 정보는 중요한 측면에서 정확하다.,공개된 모든 정보,is participated by,[],[],Relation
공개된 모든 정보는 중요한 측면에서 완전하다.,공개된 모든 정보,is participated by,[],[],Relation
각 당사자,상대방,통지한다,[],[],Relation
진술보증 사항,중요한 변경,변경이 발생하다,[],[],Relation
진술보증 사항에 중요한 변경이 발생한다.,각 당사자는 즉시 상대방에게 통지한다.,이후,[],[],Relation
진술보증 사항에 중요한 변경이 발생한다.,각 당사자는 즉시 상대방에게 통지한다.,때문에,[],[],Relation
각 당사자는 진술보증 사항에 중요한 변경이 발생할 경우 즉시 상대방에게 통지한다.,각 당사자,is participated by,[],[],Relation
각 당사자는 진술보증 사항에 중요한 변경이 발생할 경우 즉시 상대방에게 통지한다.,상대방,is participated by,[],[],Relation
매수인,매도인,서면으로 통지해야 한다,[],[],Relation
통지,하자의 구체적 내용,포함해야 한다,[],[],Relation
통지,예상 손해액,포함해야 한다,[],[],Relation
통지 기한을 도과한 청구,청구,효력이 없다,[],[],Relation
매수인이 하자를 발견한다.,매수인은 14일 이내에 매도인에게 서면으로 통지해야 한다.,이후,[],[],Relation
매수인은 매도인에게 하자를 서면으로 통지한다.,통지에는 하자의 구체적 내용과 예상 손해액이 포함된다.,동시에,[],[],Relation
통지 기한을 넘겨 청구한다.,청구는 효력이 없다.,결과로,[],[],Relation
매수인은 하자를 발견한 날로부터 14일 이내에 매도인에게 서면으로 통지해야 한다.,매수인,is participated by,[],[],Relation
매수인은 하자를 발견한 날로부터 14일 이내에 매도인에게 서면으로 통지해야 한다.,매도인,is participated by,[],[],Relation
통지에는 하자의 구체적 내용과 예상 손해액이 포함되어야 한다.,통지,is participated by,[],[],Relation
통지에는 하자의 구체적 내용과 예상 손해액이 포함되어야 한다.,하자의 구체적 내용,is participated by,[],[],Relation
통지에는 하자의 구체적 내용과 예상 손해액이 포함되어야 한다.,예상 손해액,is participated by,[],[],Relation
통지 기한을 도과한 청구는 효력이 없다.,통지 기한,is participated by,[],[],Relation
통지 기한을 도과한 청구는 효력이 없다.,청구,is participated by,[],[],Relation
매도인,제공한 모든 정보의 정확성을 위해 최선을 다함,확인한다,[],[],Relation
매도인은 제공한 모든 정보의 정확성을 위해 최선을 다했다.,매도인은 제공한 모든 정보의 정확성을 확인한다.,결과로,[],[],Relation
매도인은 제공한 모든 정보의 정확성을 위해 최선을 다했음을 확인한다.,매도인,is participated by,[],[],Relation
매도인은 제공한 모든 정보의 정확성을 위해 최선을 다했음을 확인한다.,제공한 모든 정보,is participated by,[],[],Relation
재무 정보,일관된 회계 기준,작성되었다,[],[],Relation
모든 재무 정보는 일관된 회계 기준에 따라 작성되었다.,회계 기준이 일관되게 적용되었다.,결과로,[],[],Relation
회계 기준이 일관되게 적용되었다.,모든 재무 정보가 일관된 회계 기준에 따라 작성되었다.,때문에,[],[],Relation
모든 재무 정보는 일관된 회계 기준에 따라 작성되었다.,재무 정보,is participated by,[],[],Relation
모든 재무 정보는 일관된 회계 기준에 따라 작성되었다.,회계 기준,is participated by,[],[],Relation
사업계획 및 예측,합리적인 가정에 기초하여 성실하게 작성된 상태,제공되었다,[],[],Relation
합리적인 가정에 기초한다.,사업계획 및 예측을 성실하게 작성한다.,이전에,[],[],Relation
합리적인 가정에 기초한다.,제공된 사업계획 및 예측이 성실하게 작성된다.,때문에,[],[],Relation
사업계획 및 예측이 합리적인 가정에 기초하여 성실하게 작성되었다.,사업계획,is participated by,[],[],Relation
사업계획 및 예측이 합리적인 가정에 기초하여 성실하게 작성되었다.,예측,is participated by,[],[],Relation
제3장 거래과정이 완료된다.,제4장 거래종결이 진행된다.,이후,[],[],Relation
제4장 거래종결이 시작된다.,제4장,is participated by,[],[],Relation
제4장 거래종결이 시작된다.,거래종결,is participated by,[],[],Relation
거래종결,본 계약 체결일로부터 30일 이내,이루어진다,[],[],Relation
거래종결,당사자들이 합의한 날,이루어진다,[],[],Relation
본 계약이 체결된다.,거래종결이 이루어진다.,이후,[],[],Relation
거래종결은 본 계약 체결일로부터 30일 이내에 이루어진다.,거래종결,is participated by,[],[],Relation
거래종결은 본 계약 체결일로부터 30일 이내에 이루어진다.,본 계약,is participated by,[],[],Relation
거래종결은 당사자들이 합의한 날에 이루어진다.,거래종결,is participated by,[],[],Relation
거래종결은 당사자들이 합의한 날에 이루어진다.,당사자들,is participated by,[],[],Relation
매수인,조건 충족 시,거래종결 의무가 발생한다,[],[],Relation
매도인,중요한 측면,진술보증이 정확하다,[],[],Relation
중요한 부정적 변동,조건,존재하지 않는다,[],[],Relation
정부 승인,필요한 경우,취득되어야 한다,[],[],Relation
매도인의 진술보증이 중요한 측면에서 정확하다,매수인의 거래종결 의무가 발생한다,이전에,[],[],Relation
중요한 부정적 변동이 없다,매수인의 거래종결 의무가 발생한다,이전에,[],[],Relation
필요한 정부 승인을 취득한다,매수인의 거래종결 의무가 발생한다,이전에,[],[],Relation
매도인의 진술보증이 중요한 측면에서 정확해야 한다.,매도인,is participated by,[],[],Relation
필요한 정부 승인을 취득해야 한다.,정부,is participated by,[],[],Relation
위 조건들이 충족되어야 매수인의 거래종결 의무가 발생한다.,매수인,is participated by,[],[],Relation
매수인의 진술보증,매도인의 거래종결 의무 발생,정확해야,[],[],Relation
매매대금,매도인의 거래종결 의무 발생,준비되어야,[],[],Relation
매수인의 진술보증이 정확하다,매매대금이 준비된다,동시에,[],[],Relation
매수인의 진술보증이 정확하다,매도인의 거래종결 의무가 발생한다,이전,[],[],Relation
매매대금이 준비된다,매도인의 거래종결 의무가 발생한다,이전,[],[],Relation
매수인의 진술보증이 정확하다.,매수인,is participated by,[],[],Relation
매매대금이 준비된다.,매도인,is participated by,[],[],Relation
매매대금이 준비된다.,매수인,is participated by,[],[],Relation
매매대금이 준비된다.,매매대금,is participated by,[],[],Relation
거래종결,매도인의 사무실,이루어진다,[],[],Relation
매도인의 사무실,서울특별시 강남구,소재한다,[],[],Relation
거래종결이 이루어진다,서울특별시 강남구 소재 매도인의 사무실에 있다,동시에,[],[],Relation
거래종결이 서울특별시 강남구 소재 매도인의 사무실에서 이루어진다.,거래종결,is participated by,[],[],Relation
거래종결이 서울특별시 강남구 소재 매도인의 사무실에서 이루어진다.,서울특별시 강남구,is participated by,[],[],Relation
거래종결이 서울특별시 강남구 소재 매도인의 사무실에서 이루어진다.,매도인의 사무실,is participated by,[],[],Relation
거래종결이 서울특별시 강남구 소재 매도인의 사무실에서 이루어진다.,매도인,is participated by,[],[],Relation
매도인,주권,인도한다,[],[],Relation
매도인,주주명부,인도한다,[],[],Relation
매도인,이사회 결의서,인도한다,[],[],Relation
매도인,필요 서류,인도한다,[],[],Relation
거래종결 시,매도인 인도,에,[],[],Relation
거래종결이 이루어진다.,"매도인은 주권, 주주명부, 이사회 결의서 등 필요 서류를 인도한다.",이후,[],[],Relation
"매도인은 거래종결 시 주권, 주주명부, 이사회 결의서 등 필요 서류를 인도한다.",매도인,is participated by,[],[],Relation
"매도인은 거래종결 시 주권, 주주명부, 이사회 결의서 등 필요 서류를 인도한다.",주권,is participated by,[],[],Relation
"매도인은 거래종결 시 주권, 주주명부, 이사회 결의서 등 필요 서류를 인도한다.",주주명부,is participated by,[],[],Relation
"매도인은 거래종결 시 주권, 주주명부, 이사회 결의서 등 필요 서류를 인도한다.",이사회 결의서,is participated by,[],[],Relation
"매도인은 거래종결 시 주권, 주주명부, 이사회 결의서 등 필요 서류를 인도한다.",필요 서류,is participated by,[],[],Relation
매수인,자,지명한다,[],[],Relation
자,대상회사 이사,선임된다,[],[],Relation
거래종결이 일어난다.,매수인이 지명한 자를 대상회사의 이사로 선임한다.,동시에,[],[],Relation
거래종결과 동시에 매수인이 지명한 자를 대상회사의 이사로 선임한다.,매수인,is participated by,[],[],Relation
거래종결과 동시에 매수인이 지명한 자를 대상회사의 이사로 선임한다.,매수인이 지명한 자,is participated by,[],[],Relation
거래종결과 동시에 매수인이 지명한 자를 대상회사의 이사로 선임한다.,대상회사,is participated by,[],[],Relation
양 당사자,종결 확인서,작성한다,[],[],Relation
양 당사자,종결 확인서,서명한다,[],[],Relation
종결 확인서,거래종결 시,작성된다,[],[],Relation
거래종결이 이루어진다.,양 당사자는 종결 확인서를 작성하여 서명한다.,이후,[],[],Relation
양 당사자는 종결 확인서를 작성한다.,양 당사자,is participated by,[],[],Relation
양 당사자는 종결 확인서를 작성한다.,종결 확인서,is participated by,[],[],Relation
양 당사자는 종결 확인서에 서명한다.,양 당사자,is participated by,[],[],Relation
양 당사자는 종결 확인서에 서명한다.,종결 확인서,is participated by,[],[],Relation
대상회사,매수인,주주명부에 기재한다,[],[],Relation
거래가 종결된다.,대상회사는 주주명부에 매수인을 기재한다.,이후,[],[],Relation
거래가 종결된다.,대상회사는 주주명부에 매수인을 기재한다.,때문에,[],[],Relation
거래종결 즉시 대상회사는 주주명부에 매수인을 기재한다.,대상회사,is participated by,[],[],Relation
거래종결 즉시 대상회사는 주주명부에 매수인을 기재한다.,주주명부,is participated by,[],[],Relation
거래종결 즉시 대상회사는 주주명부에 매수인을 기재한다.,매수인,is participated by,[],[],Relation
경영권,매수인,이전된다,[],[],Relation
통제권,매수인,이전된다,[],[],Relation
경영권,대상회사,대상이다,[],[],Relation
통제권,대상회사,대상이다,[],[],Relation
경영권과 통제권,거래종결,이전 시점이다,[],[],Relation
거래가 종결된다.,대상회사에 대한 경영권과 통제권이 매수인에게 이전된다.,동시에,[],[],Relation
대상회사에 대한 경영권과 통제권이 매수인에게 이전된다.,대상회사,is participated by,[],[],Relation
대상회사에 대한 경영권과 통제권이 매수인에게 이전된다.,매수인,is participated by,[],[],Relation
일방,상대방,거래종결을 거부하다,[],[],Relation
상대방,일방,계약을 해제하다,[],[],Relation
상대방,일방,손해배상을 청구하다,[],[],Relation
일방이 정당한 사유 없이 거래종결을 거부한다.,상대방은 계약을 해제할 수 있다.,이후,[],[],Relation
일방이 정당한 사유 없이 거래종결을 거부한다.,상대방은 손해배상을 청구할 수 있다.,이후,[],[],Relation
일방이 정당한 사유 없이 거래종결을 거부한다.,상대방은 계약을 해제하고 손해배상을 청구할 수 있다.,때문에,[],[],Relation
상대방은 계약을 해제한다.,상대방은 손해배상을 청구할 수 있다.,동시에,[],[],Relation
일방이 정당한 사유 없이 거래종결을 거부한다.,일방,is participated by,[],[],Relation
상대방이 계약을 해제한다.,상대방,is participated by,[],[],Relation
상대방이 계약을 해제한다.,계약,is participated by,[],[],Relation
상대방이 손해배상을 청구한다.,상대방,is participated by,[],[],Relation
상대방이 손해배상을 청구한다.,손해배상,is participated by,[],[],Relation
각 당사자,자신을 위한 거래종결 전제조건,포기할 수 있다,[],[],Relation
각 당사자는 자신을 위한 거래종결 전제조건을 포기할 수 있다.,거래종결 전제조건이 더 이상 적용되지 않는다.,이후,[],[],Relation
각 당사자는 자신을 위한 거래종결 전제조건을 포기할 수 있다.,각 당사자,is participated by,[],[],Relation
각 당사자는 자신을 위한 거래종결 전제조건을 포기할 수 있다.,거래종결 전제조건,is participated by,[],[],Relation
당사자,행정적 사항,협력한다,[],[],Relation
행정적 사항,거래종결 후,발생한다,[],[],Relation
거래가 종결된다.,행정적 사항이 발생한다.,이후,[],[],Relation
행정적 사항이 발생한다.,양 당사자가 상호 협력한다.,결과로,[],[],Relation
양 당사자는 거래종결 후 발생하는 행정적 사항에 대해 협력한다.,양 당사자,is participated by,[],[],Relation
하자,제15조의 확인실사,발견된다,[],[],Relation
하자,독립된 제3자 전문기관,검증된다,[],[],Relation
검증 기관,양 당사자 합의,선정된다,[],[],Relation
대한상사중재원,검증 기관,지정한다,[],[],Relation
검증 절차,통상 15영업일,소요된다,[],[],Relation
검증 절차,30영업일,연장될 수 있다,[],[],Relation
하자,매도인,확인된 경우 검증 비용을 부담한다,[],[],Relation
하자,매수인,확인되지 않은 경우 검증 비용을 부담한다,[],[],Relation
제15조의 확인실사에서 하자가 발견된다.,독립된 제3자 전문기관의 검증을 거친다.,이후,[],[],Relation
양 당사자가 검증 기관 선정에 합의하지 못한다.,대한상사중재원이 검증 기관을 지정한다.,결과로,[],[],Relation
검증 절차가 복잡한 사안이다.,검증 절차가 30영업일까지 연장될 수 있다.,결과로,[],[],Relation
하자가 확인된다.,검증 비용을 매도인이 부담한다.,결과로,[],[],Relation
하자가 확인되지 않는다.,검증 비용을 매수인이 부담한다.,결과로,[],[],Relation
제15조의 확인실사에서 발견된 하자는 독립된 제3자 전문기관의 검증을 거친다.,제15조의 확인실사,is participated by,[],[],Relation
제15조의 확인실사에서 발견된 하자는 독립된 제3자 전문기관의 검증을 거친다.,하자,is participated by,[],[],Relation
제15조의 확인실사에서 발견된 하자는 독립된 제3자 전문기관의 검증을 거친다.,독립된 제3자 전문기관,is participated by,[],[],Relation
검증 기관은 양 당사자가 합의하여 선정한다.,검증 기관,is participated by,[],[],Relation
검증 기관은 양 당사자가 합의하여 선정한다.,양 당사자,is participated by,[],[],Relation
합의가 없을 경우 대한상사중재원이 검증 기관을 지정한다.,대한상사중재원,is participated by,[],[],Relation
합의가 없을 경우 대한상사중재원이 검증 기관을 지정한다.,검증 기관,is participated by,[],[],Relation
검증 절차는 통상 15영업일이 소요된다.,검증 절차,is participated by,[],[],Relation
복잡한 사안의 경우 검증 절차가 30영업일까지 연장될 수 있다.,복잡한 사안,is participated by,[],[],Relation
복잡한 사안의 경우 검증 절차가 30영업일까지 연장될 수 있다.,검증 절차,is participated by,[],[],Relation
하자가 확인된 경우 검증 비용은 매도인이 부담한다.,하자,is participated by,[],[],Relation
하자가 확인된 경우 검증 비용은 매도인이 부담한다.,검증 비용,is participated by,[],[],Relation
하자가 확인된 경우 검증 비용은 매도인이 부담한다.,매도인,is participated by,[],[],Relation
하자가 확인되지 않은 경우 검증 비용은 매수인이 부담한다.,하자,is participated by,[],[],Relation
하자가 확인되지 않은 경우 검증 비용은 매수인이 부담한다.,검증 비용,is participated by,[],[],Relation
하자가 확인되지 않은 경우 검증 비용은 매수인이 부담한다.,매수인,is participated by,[],[],Relation
매도인,매매대금 수령 계좌 정보,통지한다,[],[],Relation
매도인,거래종결 5영업일 전까지,통지 시한,[],[],Relation
매도인은 거래종결 5영업일 전까지 매매대금 수령 계좌 정보를 통지한다.,거래가 종결된다.,이전,[],[],Relation
매도인은 매매대금 수령 계좌 정보를 통지한다.,매도인,is participated by,[],[],Relation
양도소득세,매도인,부담한다,[],[],Relation
취득세,매수인,부담한다,[],[],Relation
거래가 발생한다.,양도소득세는 매도인이 부담한다.,이후,[],[],Relation
거래가 발생한다.,취득세는 매수인이 부담한다.,이후,[],[],Relation
양도소득세는 매도인이 부담한다.,양도소득세,is participated by,[],[],Relation
양도소득세는 매도인이 부담한다.,매도인,is participated by,[],[],Relation
취득세는 매수인이 부담한다.,취득세,is participated by,[],[],Relation
취득세는 매수인이 부담한다.,매수인,is participated by,[],[],Relation
양 당사자,관련 등기 절차,협력한다,[],[],Relation
필요한 경우가 발생한다.,양 당사자는 관련 등기 절차에 협력한다.,이후,[],[],Relation
필요한 경우가 발생한다.,양 당사자는 관련 등기 절차에 협력한다.,때문에,[],[],Relation
양 당사자가 필요한 경우 관련 등기 절차에 협력한다.,양 당사자,is participated by,[],[],Relation
양 당사자가 필요한 경우 관련 등기 절차에 협력한다.,관련 등기 절차,is participated by,[],[],Relation
대상회사,전 직원,경영권 변경을 통지한다,[],[],Relation
대상회사,거래종결 후,직원 통지를 한다,[],[],Relation
거래가 종결된다.,대상회사는 전 직원에게 경영권 변경을 통지한다.,이후,[],[],Relation
거래가 종결된다.,대상회사는 전 직원에게 경영권 변경을 통지한다.,때문에,[],[],Relation
대상회사는 거래종결 후 경영권 변경을 전 직원에게 통지한다.,대상회사,is participated by,[],[],Relation
대상회사는 거래종결 후 경영권 변경을 전 직원에게 통지한다.,전 직원,is participated by,[],[],Relation
주요 고객,양 당사자,통지 대상이다,[],[],Relation
양 당사자,주요 고객,협의하여 통지를 진행한다,[],[],Relation
주요 고객에 대한 통지가 필요하다.,양 당사자가 협의하여 통지를 진행한다.,이후,[],[],Relation
양 당사자가 주요 고객에 대한 통지를 협의하여 진행한다.,양 당사자,is participated by,[],[],Relation
양 당사자가 주요 고객에 대한 통지를 협의하여 진행한다.,주요 고객,is participated by,[],[],Relation
감사 보고서,매수인이 선임한 감사인,작성된다,[],[],Relation
감사 보고서,거래종결 후 첫 회계연도,대상이다,[],[],Relation
거래가 종결된다.,첫 회계연도가 시작된다.,이후,[],[],Relation
첫 회계연도가 시작된다.,감사인이 감사보고서를 작성한다.,이후,[],[],Relation
매수인이 감사인을 선임한다.,감사인이 감사보고서를 작성한다.,이후,[],[],Relation
거래가 종결된다.,매수인이 감사인을 선임한다.,결과로,[],[],Relation
거래종결이 이루어진다.,거래,is participated by,[],[],Relation
첫 회계연도가 시작된다.,첫 회계연도,is participated by,[],[],Relation
매수인이 감사를 선임한다.,매수인,is participated by,[],[],Relation
매수인이 감사를 선임한다.,감사,is participated by,[],[],Relation
매수인이 선임한 감사가 감사보고서를 작성한다.,매수인,is participated by,[],[],Relation
매수인이 선임한 감사가 감사보고서를 작성한다.,감사,is participated by,[],[],Relation
매수인이 선임한 감사가 감사보고서를 작성한다.,감사보고서,is participated by,[],[],Relation
대상회사,중요 문서,보유한다,[],[],Relation
중요 문서,매수인,인도된다,[],[],Relation
중요 문서,거래종결 후,인도 시점이다,[],[],Relation
대상회사의 모든 중요 문서는 거래종결 후 매수인에게 인도된다.,거래가 종결된다.,이후,[],[],Relation
대상회사의 모든 중요 문서는 거래종결 후 매수인에게 인도된다.,대상회사,is participated by,[],[],Relation
대상회사의 모든 중요 문서는 거래종결 후 매수인에게 인도된다.,중요 문서,is participated by,[],[],Relation
대상회사의 모든 중요 문서는 거래종결 후 매수인에게 인도된다.,매수인,is participated by,[],[],Relation
매수인은 거래종결일에 잔금지급을 완료한다.,매도인은 주식 및 관련 서류를 매수인에게 이전한다.,이후,[],[],Relation
매수인은 거래종결일에 잔금지급을 완료한다.,매도인은 주식 및 관련 서류를 매수인에게 이전한다.,결과로,[],[],Relation
제5장 거래종결 후 사항이 규정된다.,제5장,is participated by,[],[],Relation
제5장 거래종결 후 사항이 규정된다.,거래종결 후 사항,is participated by,[],[],Relation
매도인,경영권 이전,지원한다,[],[],Relation
거래종결이 이루어진다.,매도인은 3개월간 원활한 경영권 이전을 위해 지원한다.,이후,[],[],Relation
거래종결이 이루어진다.,매도인은 3개월간 원활한 경영권 이전을 위해 지원한다.,때문에,[],[],Relation
매도인은 거래종결 후 3개월간 원활한 경영권 이전을 위해 지원한다.,매도인,is participated by,[],[],Relation
매도인,매매대금의 30%,손해배상 책임을 진다,[],[],Relation
매도인의 손해배상 책임이 발생한다.,손해배상 책임 한도는 매매대금의 30%로 제한된다.,결과로,[],[],Relation
매도인의 손해배상 책임이 매매대금의 30%로 제한된다.,매도인,is participated by,[],[],Relation
매도인의 손해배상 책임이 매매대금의 30%로 제한된다.,매매대금,is participated by,[],[],Relation
매수인,매도인,인지하고 있던 사항에 대해,[],[],Relation
매수인,매도인,공개된 위험에 대해,[],[],Relation
매도인,매수인이 인지하고 있던 사항,책임지지 않는다,[],[],Relation
매도인,공개된 위험,책임지지 않는다,[],[],Relation
매수인이 어떤 사항이나 위험을 인지하고 있다.,매도인은 해당 사항이나 위험에 대해 책임지지 않는다.,이전에,[],[],Relation
어떤 위험이 공개된다.,매도인은 그 위험에 대해 책임지지 않는다.,이전에,[],[],Relation
매수인이 어떤 사항이나 공개된 위험을 인지하고 있다.,매도인이 그에 대해 책임지지 않는다.,때문에,[],[],Relation
매수인이 어떤 사항을 인지한다.,매수인,is participated by,[],[],Relation
매도인이 매수인이 인지하고 있던 사항이나 공개된 위험에 대해 책임지지 않는다.,매도인,is participated by,[],[],Relation
매도인이 매수인이 인지하고 있던 사항이나 공개된 위험에 대해 책임지지 않는다.,매수인,is participated by,[],[],Relation
매도인,재무 정보,제공한다,[],[],Relation
매도인,재무 정보,업데이트한다,[],[],Relation
재무 정보,월별,제공된다,[],[],Relation
재무 정보,거래종결 후 3개월간,제공된다,[],[],Relation
거래가 종결된다.,매도인은 3개월간 월별로 재무 정보를 업데이트하여 제공한다.,이후,[],[],Relation
매도인은 재무 정보를 월별로 업데이트한다.,매도인,is participated by,[],[],Relation
매도인은 재무 정보를 월별로 업데이트한다.,재무 정보,is participated by,[],[],Relation
매도인은 거래종결 후 3개월간 재무 정보를 제공한다.,매도인,is participated by,[],[],Relation
매도인은 거래종결 후 3개월간 재무 정보를 제공한다.,재무 정보,is participated by,[],[],Relation
손해배상 청구,제89조에 정한 증빙자료,증빙자료를 첨부해야 한다,[],[],Relation
손해배상 청구를 한다.,제89조에 정한 증빙자료를 준비한다.,이전에,[],[],Relation
손해배상 청구를 한다.,증빙자료를 첨부한다.,동시에,[],[],Relation
손해배상 청구를 한다.,서면으로 제출한다.,동시에,[],[],Relation
손해배상 청구는 제89조에 정한 증빙자료를 첨부하여 서면으로 해야 한다.,손해배상 청구,is participated by,[],[],Relation
손해배상 청구는 제89조에 정한 증빙자료를 첨부하여 서면으로 해야 한다.,제89조에 정한 증빙자료,is participated by,[],[],Relation
손해배상 청구는 제89조에 정한 증빙자료를 첨부하여 서면으로 해야 한다.,서면,is participated by,[],[],Relation
매수인,확정된 손해배상액과 미지급 매매대금,상계할 수 있다,[],[],Relation
매수인이 확정된 손해배상액을 가진다.,매수인이 미지급 매매대금과 손해배상액을 상계할 수 있다.,이후,[],[],Relation
매수인이 확정된 손해배상액을 가진다.,매수인이 미지급 매매대금과 상계할 수 있다.,때문에,[],[],Relation
매수인은 확정된 손해배상액을 미지급 매매대금과 상계할 수 있다.,매수인,is participated by,[],[],Relation
매수인은 확정된 손해배상액을 미지급 매매대금과 상계할 수 있다.,확정된 손해배상액,is participated by,[],[],Relation
매수인은 확정된 손해배상액을 미지급 매매대금과 상계할 수 있다.,미지급 매매대금,is participated by,[],[],Relation
거래종결 후 발견된 자산,매수인,귀속된다,[],[],Relation
거래종결 후 발견된 부채,매도인,귀속된다,[],[],Relation
거래가 종결된다.,자산이 발견된다.,이후,[],[],Relation
거래가 종결된다.,부채가 발견된다.,이후,[],[],Relation
자산이 거래종결 후 발견된다.,자산이 매수인에게 귀속된다.,결과로,[],[],Relation
부채가 거래종결 후 발견된다.,부채가 매도인에게 귀속된다.,결과로,[],[],Relation
거래종결 후 발견된 자산은 매수인에게 귀속된다.,자산,is participated by,[],[],Relation
거래종결 후 발견된 자산은 매수인에게 귀속된다.,매수인,is participated by,[],[],Relation
거래종결 후 발견된 부채는 매도인에게 귀속된다.,부채,is participated by,[],[],Relation
거래종결 후 발견된 부채는 매도인에게 귀속된다.,매도인,is participated by,[],[],Relation
매수인,대상회사의 독립적 경영,보장한다,[],[],Relation
매수인이 대상회사의 경영에 참여한다,매수인은 대상회사의 독립적 경영을 보장한다,이후,[],[],Relation
매수인은 대상회사의 독립적 경영을 보장한다,대상회사는 독립적으로 경영을 수행한다,결과로,[],[],Relation
매수인은 대상회사의 독립적 경영을 보장한다.,매수인,is participated by,[],[],Relation
매수인은 대상회사의 독립적 경영을 보장한다.,대상회사,is participated by,[],[],Relation
거래종결 전 선언되었으나 미지급된 배당,매도인,귀속된다,[],[],Relation
배당이 거래종결 전에 선언된다,배당이 미지급된다,이전,[],[],Relation
배당이 미지급된다,거래종결 전 배당이 선언된다,동시에,[],[],Relation
배당이 거래종결 전에 선언되고 미지급된다,배당이 매도인에게 귀속된다,결과로,[],[],Relation
거래종결 전에 선언되었으나 미지급된 배당이 매도인에게 귀속된다.,배당,is participated by,[],[],Relation
거래종결 전에 선언되었으나 미지급된 배당이 매도인에게 귀속된다.,매도인,is participated by,[],[],Relation
대상회사,매수인의 연결 재무제표,포함된다,[],[],Relation
거래가 종결된다.,대상회사는 매수인의 연결 재무제표에 포함된다.,이후,[],[],Relation
거래가 종결된다.,대상회사는 매수인의 연결 재무제표에 포함된다.,때문에,[],[],Relation
대상회사가 매수인의 연결 재무제표에 포함된다.,대상회사,is participated by,[],[],Relation
대상회사가 매수인의 연결 재무제표에 포함된다.,매수인,is participated by,[],[],Relation
대상회사가 매수인의 연결 재무제표에 포함된다.,매수인의 연결 재무제표,is participated by,[],[],Relation
양 당사자,거래 시너지 실현,상호 협력한다,[],[],Relation
양 당사자가 상호 협력한다.,거래 시너지가 실현된다.,때문에,[],[],Relation
양 당사자가 거래 시너지 실현을 위해 상호 협력한다.,양 당사자,is participated by,[],[],Relation
대상회사,기존 브랜드,사용할 수 있다,[],[],Relation
회사가 기존 브랜드를 계속 사용할 수 있다,브랜드 사용에 관한 규정이 마련되었다,결과로,[],[],Relation
대상회사가 기존 브랜드를 계속 사용할 수 있다.,대상회사,is participated by,[],[],Relation
대상회사가 기존 브랜드를 계속 사용할 수 있다.,기존 브랜드,is participated by,[],[],Relation
기존 공급계약,동일한 조건,유지된다,[],[],Relation
기존 공급계약이 존재한다.,기존 공급계약은 동일한 조건으로 유지된다.,이전,[],[],Relation
기존 공급계약이 존재한다.,기존 공급계약은 동일한 조건으로 유지된다.,때문에,[],[],Relation
기존 공급계약이 동일한 조건으로 유지된다.,기존 공급계약,is participated by,[],[],Relation
진행 중인 연구개발 프로젝트,연구개발 프로젝트,계속 수행된다,[],[],Relation
진행 중인 연구개발 프로젝트가 있다.,연구개발 프로젝트는 계속 수행된다.,결과로,[],[],Relation
진행 중인 연구개발 프로젝트가 계속 수행된다.,진행 중인 연구개발 프로젝트,is participated by,[],[],Relation
대상회사,사회공헌 활동,사회공헌 활동을 한다,[],[],Relation
사회공헌 활동,사회공헌 활동,지속된다,[],[],Relation
대상회사의 사회공헌 활동이 이루어진다.,대상회사의 사회공헌 활동은 지속된다.,이후,[],[],Relation
대상회사의 사회공헌 활동이 지속된다.,대상회사,is participated by,[],[],Relation
대상회사의 사회공헌 활동이 지속된다.,사회공헌 활동,is participated by,[],[],Relation
규제 변경,비용,초래한다,[],[],Relation
비용,매수인,부담한다,[],[],Relation
규제가 변경된다.,비용이 발생한다.,이후,[],[],Relation
규제가 변경된다.,비용이 발생한다.,때문에,[],[],Relation
비용이 발생한다.,매수인이 비용을 부담한다.,결과로,[],[],Relation
향후 규제 변경에 따른 비용을 매수인이 부담한다.,매수인,is participated by,[],[],Relation
시설 이전,매수인의 책임과 비용,진행된다,[],[],Relation
시설 이전이 필요하다,시설 이전은 매수인의 책임과 비용으로 진행한다,이후,[],[],Relation
시설 이전이 필요하다,시설 이전은 매수인의 책임과 비용으로 진행한다,때문에,[],[],Relation
시설 이전이 필요할 시 매수인이 책임과 비용을 부담한다.,시설,is participated by,[],[],Relation
시설 이전이 필요할 시 매수인이 책임과 비용을 부담한다.,매수인,is participated by,[],[],Relation
매도인,기존 분쟁 해결에 필요한 정보,제공한다,[],[],Relation
기존 분쟁이 발생한다.,매도인은 분쟁 해결을 위해 필요한 정보를 제공한다.,이후,[],[],Relation
기존 분쟁이 발생한다.,매도인은 분쟁 해결을 위해 필요한 정보를 제공한다.,결과로,[],[],Relation
매도인은 기존 분쟁 해결을 위해 필요한 정보를 제공한다.,매도인,is participated by,[],[],Relation
손해배상 청구,상세 보고서,첨부해야 한다,[],[],Relation
손해배상 청구,제3자 검증 보고서,첨부해야 한다,[],[],Relation
손해배상 청구,손해액 산정 근거 및 관련 증빙,첨부해야 한다,[],[],Relation
손해배상 청구,외부 전문가 의견서,첨부해야 한다,[],[],Relation
손해배상 청구,인과관계 입증 자료,첨부해야 한다,[],[],Relation
매도인,추가 자료,요구할 수 있다,[],[],Relation
손해배상 청구를 한다,하자의 구체적 내용을 기술한 상세 보고서를 첨부한다,이전에,[],[],Relation
손해배상 청구를 한다,제3자 검증 보고서를 첨부한다,이전에,[],[],Relation
손해배상 청구를 한다,손해액 산정 근거 및 관련 증빙을 첨부한다,이전에,[],[],Relation
손해배상 청구를 한다,외부 전문가 의견서를 첨부한다 (필요시),이전에,[],[],Relation
손해배상 청구를 한다,하자와 손해 간 인과관계 입증 자료를 첨부한다,이전에,[],[],Relation
증빙이 불충분하다,매도인은 추가 자료를 요구할 수 있다,결과로,[],[],Relation
모든 손해배상 청구는 하자의 구체적 내용을 기술한 상세 보고서를 첨부해야 한다.,손해배상 청구,is participated by,[],[],Relation
모든 손해배상 청구는 하자의 구체적 내용을 기술한 상세 보고서를 첨부해야 한다.,하자의 구체적 내용을 기술한 상세 보고서,is participated by,[],[],Relation
모든 손해배상 청구는 제63조에 따른 제3자 검증 보고서를 첨부해야 한다.,손해배상 청구,is participated by,[],[],Relation
모든 손해배상 청구는 제63조에 따른 제3자 검증 보고서를 첨부해야 한다.,제63조에 따른 제3자 검증 보고서,is participated by,[],[],Relation
모든 손해배상 청구는 손해액 산정 근거 및 관련 증빙을 첨부해야 한다.,손해배상 청구,is participated by,[],[],Relation
모든 손해배상 청구는 손해액 산정 근거 및 관련 증빙을 첨부해야 한다.,손해액 산정 근거,is participated by,[],[],Relation
모든 손해배상 청구는 손해액 산정 근거 및 관련 증빙을 첨부해야 한다.,관련 증빙,is participated by,[],[],Relation
모든 손해배상 청구는 필요시 외부 전문가 의견서를 첨부해야 한다.,손해배상 청구,is participated by,[],[],Relation
모든 손해배상 청구는 필요시 외부 전문가 의견서를 첨부해야 한다.,외부 전문가 의견서,is participated by,[],[],Relation
모든 손해배상 청구는 하자와 손해 간 인과관계 입증 자료를 첨부해야 한다.,손해배상 청구,is participated by,[],[],Relation
모든 손해배상 청구는 하자와 손해 간 인과관계 입증 자료를 첨부해야 한다.,하자와 손해 간 인과관계 입증 자료,is participated by,[],[],Relation
증빙이 불충분한 경우 매도인은 추가 자료를 요구할 수 있다.,매도인,is participated by,[],[],Relation
증빙이 불충분한 경우 매도인은 추가 자료를 요구할 수 있다.,추가 자료,is participated by,[],[],Relation
목표 달성,추가 대가 지급 등의 조정,발생해도,[],[],Relation
추가 대가 지급 등의 조정,제90조,허용되지 않는다,[],[],Relation
목표를 달성한다.,추가 대가 지급 등의 조정은 없다.,이후,[],[],Relation
목표를 달성한다.,추가 대가 지급 등의 조정은 없다.,결과로,[],[],Relation
추가 대가 지급 등의 조정이 없다.,목표 달성,is participated by,[],[],Relation
제6장 일반조항이 언급된다.,제6장 일반조항,is participated by,[],[],Relation
통지,등기우편,수행된다,[],[],Relation
통지,이메일,수행된다,[],[],Relation
통지,발송 후 3영업일 경과,도달한 것으로 본다,[],[],Relation
본 계약에 따른 모든 통지는 등기우편 또는 이메일로 한다.,통지는 발송 후 3영업일이 경과하면 도달한 것으로 본다.,이후,[],[],Relation
통지를 발송한다.,3영업일이 경과한다.,이후,[],[],Relation
3영업일이 경과한다.,통지는 도달한 것으로 본다.,결과로,[],[],Relation
본 계약에 따른 모든 통지는 등기우편으로 한다.,본 계약,is participated by,[],[],Relation
본 계약에 따른 모든 통지는 등기우편으로 한다.,통지,is participated by,[],[],Relation
본 계약에 따른 모든 통지는 등기우편으로 한다.,등기우편,is participated by,[],[],Relation
본 계약에 따른 모든 통지는 이메일로 한다.,본 계약,is participated by,[],[],Relation
본 계약에 따른 모든 통지는 이메일로 한다.,통지,is participated by,[],[],Relation
본 계약에 따른 모든 통지는 이메일로 한다.,이메일,is participated by,[],[],Relation
통지는 발송 후 3영업일이 경과하면 도달한 것으로 본다.,통지,is participated by,[],[],Relation
운전자본,거래종결일 기준,확정된다,[],[],Relation
운전자본,목표액과 차이,정산된다,[],[],Relation
거래종결이 이루어진다.,거래종결일 기준 운전자본을 확정한다.,이후,[],[],Relation
거래종결일 기준 운전자본을 확정한다.,목표액과 차이를 정산한다.,이후,[],[],Relation
거래종결이 이루어진다.,거래종결 후 60일 내에 거래종결일 기준 운전자본을 확정하고 목표액과 차이를 정산한다.,이후,[],[],Relation
거래종결 후 60일 내에 거래종결일 기준 운전자본을 확정하고 목표액과 차이를 정산한다.,운전자본 확정과 목표액과의 차이 정산이 함께 이루어진다.,동시에,[],[],Relation
거래종결 후 60일 내에 거래종결일 기준 운전자본을 확정한다.,운전자본,is participated by,[],[],Relation
거래종결일 기준 운전자본과 목표액의 차이를 정산한다.,운전자본,is participated by,[],[],Relation
거래종결일 기준 운전자본과 목표액의 차이를 정산한다.,목표액,is participated by,[],[],Relation
본 계약,대한민국 법률,규율되고 해석된다,[],[],Relation
본 계약이 체결된다.,대한민국 법률에 따라 규율되고 해석된다.,이후,[],[],Relation
본 계약이 대한민국 법률에 따라 규율되고 해석된다.,대한민국 법률이 본 계약의 해석에 적용된다.,때문에,[],[],Relation
본 계약이 대한민국 법률에 따라 규율된다.,본 계약,is participated by,[],[],Relation
본 계약이 대한민국 법률에 따라 규율된다.,대한민국 법률,is participated by,[],[],Relation
본 계약이 대한민국 법률에 따라 해석된다.,본 계약,is participated by,[],[],Relation
본 계약이 대한민국 법률에 따라 해석된다.,대한민국 법률,is participated by,[],[],Relation
본 계약,서울중앙지방법원,관련된 분쟁이 발생하면,[],[],Relation
서울중앙지방법원,본 계약과 관련된 분쟁,제1심 관할법원이다,[],[],Relation
본 계약과 관련된 분쟁이 발생한다.,서울중앙지방법원이 제1심 관할법원이 된다.,이후,[],[],Relation
본 계약과 관련된 분쟁이 발생한다.,본 계약,is participated by,[],[],Relation
서울중앙지방법원이 본 계약과 관련된 분쟁의 제1심 관할법원이 된다.,서울중앙지방법원,is participated by,[],[],Relation
서울중앙지방법원이 본 계약과 관련된 분쟁의 제1심 관할법원이 된다.,본 계약과 관련된 분쟁,is participated by,[],[],Relation
당사자들,우호적 해결,우호적 해결을 우선으로 한다,[],[],Relation
당사자들,대한상사중재원,중재에 따른다,[],[],Relation
당사자들은 우호적 해결을 우선으로 한다.,필요시 대한상사중재원의 중재에 따른다.,이전,[],[],Relation
필요시 대한상사중재원의 중재에 따른다.,당사자들은 우호적 해결을 우선으로 한다.,이후,[],[],Relation
당사자들은 우호적 해결을 우선으로 한다.,필요시 대한상사중재원의 중재에 따른다.,때문에,[],[],Relation
당사자들은 우호적 해결을 우선으로 한다.,당사자들,is participated by,[],[],Relation
당사자들은 필요시 대한상사중재원의 중재에 따른다.,당사자들,is participated by,[],[],Relation
당사자들은 필요시 대한상사중재원의 중재에 따른다.,대한상사중재원,is participated by,[],[],Relation
본 계약,서면 합의,수정되거나 변경된다,[],[],Relation
서면 합의,양 당사자,체결된다,[],[],Relation
양 당사자가 서면으로 합의한다.,본 계약이 수정되거나 변경된다.,이후,[],[],Relation
양 당사자가 서면으로 합의한다.,본 계약이 수정되거나 변경된다.,때문에,[],[],Relation
본 계약을 수정하거나 변경한다.,본 계약,is participated by,[],[],Relation
본 계약을 수정하거나 변경한다.,양 당사자,is participated by,[],[],Relation
양 당사자가 서면으로 합의한다.,양 당사자,is participated by,[],[],Relation
본 계약의 일부 조항,나머지 조항은 유효하다,무효인 경우에도,[],[],Relation
본 계약의 일부 조항이 무효인 경우,나머지 조항은 유효하다,결과로,[],[],Relation
본 계약의 일부 조항이 무효가 된다.,본 계약,is participated by,[],[],Relation
본 계약의 일부 조항이 무효가 된다.,일부 조항,is participated by,[],[],Relation
나머지 조항은 유효하다.,나머지 조항,is participated by,[],[],Relation
일방,권리 포기,권리를 행사하지 않아도,[],[],Relation
권리 포기,권리 미행사,으로 간주되지 않는다,[],[],Relation
일방이 권리를 행사하지 않는다.,그 권리를 포기한 것으로 보지 않는다.,이후,[],[],Relation
일방이 권리를 행사하지 않는다.,일방,is participated by,[],[],Relation
일방이 권리를 행사하지 않는다.,권리,is participated by,[],[],Relation
일방이 권리를 행사하지 않더라도 그 권리를 포기한 것으로 보지 않는다.,일방,is participated by,[],[],Relation
일방이 권리를 행사하지 않더라도 그 권리를 포기한 것으로 보지 않는다.,권리,is participated by,[],[],Relation
본 계약,당사자 간 완전한 합의,구성한다,[],[],Relation
본 계약은 당사자 간 완전한 합의를 구성한다.,당사자 간의 모든 합의 내용이 본 계약에 포함된다.,결과로,[],[],Relation
본 계약이 당사자 간 완전한 합의를 구성한다.,본 계약,is participated by,[],[],Relation
본 계약이 당사자 간 완전한 합의를 구성한다.,당사자,is participated by,[],[],Relation
본 계약,한국어,작성된다,[],[],Relation
한국어본,번역본과 불일치 시,우선한다,[],[],Relation
본 계약은 한국어로 작성된다.,번역본과 불일치 시 한국어본이 우선한다.,이후,[],[],Relation
번역본과 불일치 시,한국어본이 우선한다.,결과로,[],[],Relation
본 계약이 한국어로 작성된다.,본 계약,is participated by,[],[],Relation
본 계약이 한국어로 작성된다.,한국어,is participated by,[],[],Relation
한국어본이 번역본과 불일치할 경우 한국어본이 우선한다.,한국어본,is participated by,[],[],Relation
한국어본이 번역본과 불일치할 경우 한국어본이 우선한다.,번역본,is participated by,[],[],Relation
부록,계약,구성한다,[],[],Relation
별첨,계약,구성한다,[],[],Relation
본 계약의 부록과 별첨이 존재한다.,부록과 별첨이 계약의 일부를 구성한다.,결과로,[],[],Relation
본 계약의 부록과 별첨은 계약의 일부를 구성한다.,본 계약,is participated by,[],[],Relation
본 계약의 부록과 별첨은 계약의 일부를 구성한다.,부록,is participated by,[],[],Relation
본 계약의 부록과 별첨은 계약의 일부를 구성한다.,별첨,is participated by,[],[],Relation
본 계약의 부록과 별첨은 계약의 일부를 구성한다.,계약,is participated by,[],[],Relation
본 계약,사본,2부로 작성된다,[],[],Relation
각 당사자,사본,1부씩 보관한다,[],[],Relation
본 계약은 2부를 작성한다.,각 당사자가 1부씩 보관한다.,결과로,[],[],Relation
본 계약을 2부 작성한다.,본 계약,is participated by,[],[],Relation
본 계약을 2부 작성한다.,각 당사자,is participated by,[],[],Relation
각 당사자가 계약서 1부씩을 보관한다.,각 당사자,is participated by,[],[],Relation
각 당사자가 계약서 1부씩을 보관한다.,계약서 1부,is participated by,[],[],Relation
각 당사자,대리인,선임할 수 있다,[],[],Relation
각 당사자는 대리인을 선임할 수 있다.,각 당사자는 필요시 대리인을 선임할 수 있다.,동시에,[],[],Relation
각 당사자는 필요시 대리인을 선임할 수 있다.,당사자,is participated by,[],[],Relation
각 당사자는 필요시 대리인을 선임할 수 있다.,대리인,is participated by,[],[],Relation
양 당사자,본 계약,이행한다,[],[],Relation
양 당사자,선량한 관리자의 주의의무,지닌다,[],[],Relation
양 당사자는 본 계약을 이행한다.,양 당사자는 선량한 관리자의 주의의무로 본 계약을 이행한다.,동시에,[],[],Relation
양 당사자가 선량한 관리자의 주의의무로 본 계약을 이행한다.,양 당사자,is participated by,[],[],Relation
양 당사자가 선량한 관리자의 주의의무로 본 계약을 이행한다.,선량한 관리자의 주의의무,is participated by,[],[],Relation
양 당사자가 선량한 관리자의 주의의무로 본 계약을 이행한다.,본 계약,is participated by,[],[],Relation
불가항력적 사유,불이행,초래하다,[],[],Relation
불이행,책임,면제하다,[],[],Relation
천재지변,불가항력적 사유,포함되다,[],[],Relation
천재지변 등 불가항력적 사유가 발생한다.,의무를 이행하지 못한다.,때문에,[],[],Relation
의무를 이행하지 못한다.,책임을 면한다.,결과로,[],[],Relation
불가항력적 사유로 인한 불이행이 발생한다.,불가항력적 사유,is participated by,[],[],Relation
천재지변이 불가항력적 사유로 작용한다.,천재지변,is participated by,[],[],Relation
천재지변이 불가항력적 사유로 작용한다.,불가항력적 사유,is participated by,[],[],Relation
불가항력적 사유로 인한 불이행에 대해 책임이 면제된다.,불가항력적 사유,is participated by,[],[],Relation
불가항력적 사유로 인한 불이행에 대해 책임이 면제된다.,불이행,is participated by,[],[],Relation
불가항력적 사유로 인한 불이행에 대해 책임이 면제된다.,책임,is participated by,[],[],Relation
본 계약,어느 일방에게 유리하게,해석되지 않는다,[],[],Relation
본 계약은 어느 일방에게 유리하게 해석되지 않는다.,계약 해석 시 어느 일방에게도 편향되지 않는다.,결과로,[],[],Relation
본 계약은 어느 일방에게 유리하게 해석되지 않는다.,본 계약,is participated by,[],[],Relation
본 계약은 어느 일방에게 유리하게 해석되지 않는다.,일방,is participated by,[],[],Relation
본 계약상 모든 기한이 엄격히 준수된다.,시간의 엄수가 이루어진다.,결과로,[],[],Relation
시간의 엄수가 이루어진다.,본 계약상 모든 기한이 엄격히 준수된다.,때문에,[],[],Relation
모든 기한이 본 계약상에서 엄격히 준수되어야 한다.,본 계약,is participated by,[],[],Relation
모든 기한이 본 계약상에서 엄격히 준수되어야 한다.,모든 기한,is participated by,[],[],Relation
거래 관련 공동 비용,당사자,균등 분담한다,[],[],Relation
거래와 관련된 공동 비용이 발생한다.,공동 비용을 균등하게 분담한다.,이후,[],[],Relation
거래와 관련된 공동 비용이 발생한다.,공동 비용을 균등하게 분담한다.,때문에,[],[],Relation
거래 관련 공동 비용을 균등 분담한다.,거래 당사자,is participated by,[],[],Relation
매도인,제3자,더 유리한 조건을 제시한다,[],[],Relation
더 유리한 조건,매수인,동일하게 적용된다,[],[],Relation
매도인이 제3자에게 더 유리한 조건을 제시한다.,매수인에게도 동일한 조건이 적용된다.,이후,[],[],Relation
매도인이 제3자에게 더 유리한 조건을 제시한다.,매수인에게도 동일한 조건이 적용된다.,때문에,[],[],Relation
매도인이 제3자에게 더 유리한 조건을 제시한다.,매도인,is participated by,[],[],Relation
매도인이 제3자에게 더 유리한 조건을 제시한다.,제3자,is participated by,[],[],Relation
매수인에게 제3자에게 제시된 더 유리한 조건을 동일하게 적용한다.,매수인,is participated by,[],[],Relation
매수인에게 제3자에게 제시된 더 유리한 조건을 동일하게 적용한다.,제3자,is participated by,[],[],Relation
주식회사 알파벤처스,본 계약,서명한다,[],[],Relation
주식회사 베타홀딩스,본 계약,서명한다,[],[],Relation
본 계약,서명,효력이 발생한다,[],[],Relation
주식회사 알파벤처스,대표이사,대표이사로 대표된다,[],[],Relation
주식회사 베타홀딩스,대표이사,대표이사로 대표된다,[],[],Relation
본 계약,2025년 1월 1일,효력 발생일이 된다,[],[],Relation
본 계약의 효력 발생을 위해 아래와 같이 서명한다.,매도인과 매수인이 계약서에 서명한다.,이후,[],[],Relation
매도인과 매수인이 계약서에 서명한다.,본 계약이 효력을 발생한다.,결과로,[],[],Relation
주식회사 알파벤처스의 대표이사가 본 계약에 서명한다.,주식회사 알파벤처스,is participated by,[],[],Relation
주식회사 알파벤처스의 대표이사가 본 계약에 서명한다.,주식회사 알파벤처스 대표이사,is participated by,[],[],Relation
주식회사 베타홀딩스의 대표이사가 본 계약에 서명한다.,주식회사 베타홀딩스,is participated by,[],[],Relation
주식회사 베타홀딩스의 대표이사가 본 계약에 서명한다.,주식회사 베타홀딩스 대표이사,is participated by,[],[],Relation
