name:ID,type,concepts,synsets,numeric_id,:LABEL
주식매매계약서가 작성된다.,event,[],[],0,Node
주식매매계약서,entity,[],[],1,Node
주식회사 알파벤처스,entity,[],[],2,Node
주식회사 감마테크,entity,[],[],3,Node
주식회사 베타홀딩스,entity,[],[],4,Node
계약,entity,[],[],5,Node
2025년 1월 1일,entity,[],[],6,Node
2025년 1월 1일에 계약일자가 정해졌다.,event,[],[],7,Node
주식회사 알파벤처스와 주식회사 베타홀딩스가 계약 당사자가 되었다.,event,[],[],8,Node
주식회사 감마테크가 계약의 대상회사가 되었다.,event,[],[],9,Node
주식회사 알파벤처스와 주식회사 베타홀딩스가 2025년 1월 1일에 계약을 체결한다.,event,[],[],10,Node
주식회사 알파벤처스가 주식회사 감마테크를 대상으로 계약을 체결한다.,event,[],[],11,Node
주식회사 베타홀딩스가 주식회사 감마테크를 대상으로 계약을 체결한다.,event,[],[],12,Node
제1장 총칙이 시작된다.,event,[],[],13,Node
제1장 총칙,entity,[],[],14,Node
매도인,entity,[],[],15,Node
"대상회사 발행 보통주식 10,000,000주",entity,[],[],16,Node
매매주식,entity,[],[],17,Node
매수인,entity,[],[],18,Node
본 계약,entity,[],[],19,Node
매매주식 매도 및 매수에 필요한 제반 사항,entity,[],[],20,Node
"매도인이 보유한 대상회사 발행 보통주식 10,000,000주를 매수인에게 매도한다.",event,[],[],21,Node
매수인이 이를 매수한다.,event,[],[],22,Node
본 계약이 필요한 제반 사항을 규정한다.,event,[],[],23,Node
"매도인이 대상회사 발행 보통주식 10,000,000주를 매수인에게 매도한다.",event,[],[],24,Node
대상회사,entity,[],[],25,Node
"보통주식 10,000,000주",entity,[],[],26,Node
"매수인이 매도인으로부터 대상회사 발행 보통주식 10,000,000주를 매수한다.",event,[],[],27,Node
본 계약은 매도인과 매수인 간의 매매에 필요한 제반 사항을 규정한다.,event,[],[],28,Node
거래종결일,entity,[],[],29,Node
제51조에 따라 주식 양도가 완료되는 날,entity,[],[],30,Node
영업일,entity,[],[],31,Node
대한민국의 은행이 정상 영업하는 날,entity,[],[],32,Node
중요한 부정적 변동,entity,[],[],33,Node
"대상회사의 재무상태, 영업, 자산에 중대한 악영향을 미치는 사건",entity,[],[],34,Node
주식 양도가 완료된다.,event,[],[],35,Node
"""거래종결일""이 된다.",event,[],[],36,Node
대한민국의 은행이 정상 영업한다.,event,[],[],37,Node
"""영업일""이다.",event,[],[],38,Node
"대상회사의 재무상태, 영업, 자산에 중대한 악영향을 미치는 사건이 발생한다.",event,[],[],39,Node
"""중요한 부정적 변동""이 발생한다.",event,[],[],40,Node
거래종결일은 제51조에 따라 주식 양도가 완료되는 날로 정의된다.,event,[],[],41,Node
제51조,entity,[],[],42,Node
주식,entity,[],[],43,Node
영업일은 대한민국의 은행이 정상 영업하는 날로 정의된다.,event,[],[],44,Node
대한민국의 은행,entity,[],[],45,Node
"중요한 부정적 변동은 대상회사의 재무상태, 영업, 자산에 중대한 악영향을 미치는 사건으로 정의된다.",event,[],[],46,Node
재무상태,entity,[],[],47,Node
영업,entity,[],[],48,Node
자산,entity,[],[],49,Node
양 당사자,entity,[],[],50,Node
본 계약의 체결 및 이행,entity,[],[],51,Node
양 당사자가 본 계약을 체결한다.,event,[],[],52,Node
양 당사자가 본 계약을 이행한다.,event,[],[],53,Node
양 당사자가 상호 선의와 신뢰를 바탕으로 한다.,event,[],[],54,Node
양 당사자가 성실히 협력한다.,event,[],[],55,Node
양 당사자가 상호 선의와 신뢰를 바탕으로 성실히 협력한다.,event,[],[],56,Node
선의,entity,[],[],57,Node
신뢰,entity,[],[],58,Node
매매주식의 매매와 관련한 당사자 간의 모든 합의,entity,[],[],59,Node
이전의 모든 구두 또는 서면 합의,entity,[],[],60,Node
본 계약은 매매주식의 매매와 관련한 당사자 간의 모든 합의를 포함한다.,event,[],[],61,Node
본 계약은 이전의 모든 구두 또는 서면 합의를 대체한다.,event,[],[],62,Node
이전의 모든 구두 또는 서면 합의가 존재했다.,event,[],[],63,Node
본 계약이 체결되어 이전의 모든 구두 또는 서면 합의를 대체한다.,event,[],[],64,Node
본 계약이 체결된다.,event,[],[],65,Node
이전의 모든 구두 또는 서면 합의가 대체된다.,event,[],[],66,Node
당사자,entity,[],[],67,Node
이전의 구두 합의,entity,[],[],68,Node
이전의 서면 합의,entity,[],[],69,Node
매매주식의 총 매매가격,entity,[],[],70,Node
"금 일천억원(₩100,000,000,000)",entity,[],[],71,Node
주당 매매가격,entity,[],[],72,Node
"금 일만원(₩10,000)",entity,[],[],73,Node
"매매주식의 총 매매가격은 금 일천억원(₩100,000,000,000)으로 한다.",event,[],[],74,Node
"주당 매매가격은 금 일만원(₩10,000)으로 한다.",event,[],[],75,Node
"매매주식의 총 매매가격을 금 일천억원(₩100,000,000,000)으로 정한다.",event,[],[],76,Node
"주당 매매가격을 금 일만원(₩10,000)으로 정한다.",event,[],[],77,Node
진술,entity,[],[],78,Node
본 계약 체결일,entity,[],[],79,Node
보증,entity,[],[],80,Node
거래가 종결된다.,event,[],[],81,Node
진술과 보증이 있다.,event,[],[],82,Node
진술과 보증의 기준일이 본 계약 체결일과 거래종결일이 된다.,event,[],[],83,Node
달리 명시되지 않는다.,event,[],[],84,Node
모든 진술과 보증은 본 계약 체결일과 거래종결일을 기준으로 한다.,event,[],[],85,Node
모든 진술과 보증은 본 계약 체결일을 기준으로 한다.,event,[],[],86,Node
모든 진술과 보증은 거래종결일을 기준으로 한다.,event,[],[],87,Node
각 당사자,entity,[],[],88,Node
제3자,entity,[],[],89,Node
상대방,entity,[],[],90,Node
법령상 요구 또는 상대방의 서면 동의,entity,[],[],91,Node
비밀정보 공개 금지,entity,[],[],92,Node
각 당사자가 본 계약과 관련하여 취득한 상대방의 비밀정보를 제3자에게 공개하지 않는다.,event,[],[],93,Node
법령상 요구되거나 상대방의 서면 동의가 있는 경우는 예외로 한다.,event,[],[],94,Node
법령상 요구가 있거나 상대방의 서면 동의가 있다.,event,[],[],95,Node
각 당사자가 비밀정보를 제3자에게 공개할 수 있다.,event,[],[],96,Node
각 당사자는 본 계약과 관련하여 취득한 상대방의 비밀정보를 제3자에게 공개하지 않는다.,event,[],[],97,Node
법령상 요구가 있는 경우 비밀정보 공개가 예외로 인정된다.,event,[],[],98,Node
법령,entity,[],[],99,Node
비밀정보,entity,[],[],100,Node
상대방의 서면 동의가 있는 경우 비밀정보 공개가 예외로 인정된다.,event,[],[],101,Node
거래종결 전,entity,[],[],102,Node
추가 실사,entity,[],[],103,Node
매수인은 거래종결 전 언제든지 추가 실사를 요청할 수 있다.,event,[],[],104,Node
매수인은 추가 실사를 요청할 수 있다.,event,[],[],105,Node
매도인은 이에 성실히 협조해야 한다.,event,[],[],106,Node
매수인이 추가 실사를 요청한다.,event,[],[],107,Node
매도인은 매수인의 추가 실사 요청에 성실히 협조해야 한다.,event,[],[],108,Node
매매대금,entity,[],[],109,Node
현금,entity,[],[],110,Node
지급,entity,[],[],111,Node
매도인이 지정한 계좌,entity,[],[],112,Node
송금,entity,[],[],113,Node
매매대금은 거래종결일에 전액 현금으로 지급한다.,event,[],[],114,Node
지급은 매도인이 지정한 계좌로 송금하는 방식으로 한다.,event,[],[],115,Node
매수인은 거래종결일에 매매대금을 전액 현금으로 지급한다.,event,[],[],116,Node
매수인은 매도인이 지정한 계좌로 매매대금을 송금한다.,event,[],[],117,Node
대한민국 법률,entity,[],[],118,Node
분쟁,entity,[],[],119,Node
본 계약의 해석,entity,[],[],120,Node
본 계약의 해석에 대한 분쟁이 있을 경우,event,[],[],121,Node
대한민국 법률에 따라 해석한다,event,[],[],122,Node
본 계약의 해석에 대한 분쟁이 발생한다.,event,[],[],123,Node
분쟁이 발생할 경우 본 계약을 대한민국 법률에 따라 해석한다.,event,[],[],124,Node
매매계약이 체결된다.,event,[],[],125,Node
매매조건이 적용된다.,event,[],[],126,Node
제2장 매매조건이 언급된다.,event,[],[],127,Node
제2장,entity,[],[],128,Node
매매조건,entity,[],[],129,Node
매매주식에 대한 완전한 소유권,entity,[],[],130,Node
거래종결일이 도래한다.,event,[],[],131,Node
매매주식에 대한 완전한 소유권을 매수인에게 이전한다.,event,[],[],132,Node
거래종결일에 매매주식에 대한 완전한 소유권을 매수인에게 이전한다.,event,[],[],133,Node
매수인은 매매주식의 완전한 소유권을 갖게 된다.,event,[],[],134,Node
매도인은 매매주식에 대한 완전한 소유권을 매수인에게 이전한다.,event,[],[],135,Node
경영 자문,entity,[],[],136,Node
매수인은 경영 자문을 요청할 수 있다.,event,[],[],137,Node
거래가 종결된 후 6개월 이내이다.,event,[],[],138,Node
매수인은 매도인에게 경영 자문을 요청할 수 있다.,event,[],[],139,Node
매수인은 거래종결 후 6개월 내에 매도인에게 경영 자문을 요청할 수 있다.,event,[],[],140,Node
운전자본,entity,[],[],141,Node
매매대금 조정,entity,[],[],142,Node
순부채,entity,[],[],143,Node
제92조,entity,[],[],144,Node
"운전자본, 순부채 등의 변동이 발생한다.",event,[],[],145,Node
매매대금이 조정된다.,event,[],[],146,Node
제92조에 정한 바에 따른다.,event,[],[],147,Node
매매대금 조정이 이루어진다.,event,[],[],148,Node
"운전자본, 순부채 등의 변동에 따라 매매대금이 조정된다.",event,[],[],149,Node
매매대금 조정은 제92조에 정한 바에 따라 이루어진다.,event,[],[],150,Node
"담보권, 제한, 부담도 없는 상태",entity,[],[],151,Node
"매매주식은 담보권, 제한, 부담이 없다.",event,[],[],152,Node
매매주식이 양도된다.,event,[],[],153,Node
"매매주식이 담보권, 제한, 부담 없이 양도되어야 한다.",event,[],[],154,Node
대상회사에 대한 확인실사,entity,[],[],155,Node
확인실사,entity,[],[],156,Node
회계,entity,[],[],157,Node
법무,entity,[],[],158,Node
세무,entity,[],[],159,Node
영업 전 분야,entity,[],[],160,Node
하자나 문제점,entity,[],[],161,Node
실사 과정,entity,[],[],162,Node
매수인은 거래종결일로부터 30영업일 이내에 대상회사에 대한 확인실사를 수행할 수 있다.,event,[],[],163,Node
거래종결이 이루어진다.,event,[],[],164,Node
"확인실사는 회계, 법무, 세무, 영업 전 분야를 포함한다.",event,[],[],165,Node
매수인이 대상회사에 대한 확인실사를 수행한다.,event,[],[],166,Node
실사 과정에서 발견된 하자나 문제점은 문서화되어야 한다.,event,[],[],167,Node
실사 과정에서 하자나 문제점이 발견된다.,event,[],[],168,Node
하자,entity,[],[],169,Node
문제점,entity,[],[],170,Node
문서,entity,[],[],171,Node
경쟁하는 사업,entity,[],[],172,Node
거래종결일로부터 3년간,entity,[],[],173,Node
매도인은 3년간 대상회사와 경쟁하는 사업을 영위하지 않는다.,event,[],[],174,Node
매도인은 거래종결일로부터 3년간 대상회사와 경쟁하는 사업을 영위하지 않는다.,event,[],[],175,Node
핵심 임직원,entity,[],[],176,Node
거래종결 후 최소 1년,entity,[],[],177,Node
대상회사의 핵심 임직원은 최소 1년간 근무를 유지하도록 최선의 노력을 다한다.,event,[],[],178,Node
대상회사의 핵심 임직원이 거래종결 후 최소 1년간 근무를 유지하도록 최선의 노력을 다한다.,event,[],[],179,Node
주요 고객과의 관계 원만한 유지,entity,[],[],180,Node
매도인은 주요 고객과의 관계가 원만히 유지되도록 적극 협조한다.,event,[],[],181,Node
고객 관계가 유지된다.,event,[],[],182,Node
매도인이 주요 고객과의 관계가 원만히 유지되도록 적극 협조한다.,event,[],[],183,Node
주요 고객,entity,[],[],184,Node
모든 라이선스와 허가,entity,[],[],185,Node
거래종결 후,entity,[],[],186,Node
대상회사가 보유한 모든 라이선스와 허가가 있다.,event,[],[],187,Node
거래종결이 일어난다.,event,[],[],188,Node
모든 라이선스와 허가가 유효하게 유지되어야 한다.,event,[],[],189,Node
대상회사가 보유한 모든 라이선스와 허가는 거래종결 후에도 유효하게 유지되어야 한다.,event,[],[],190,Node
모든 라이선스,entity,[],[],191,Node
모든 허가,entity,[],[],192,Node
거래종결,entity,[],[],193,Node
모든 보험계약,entity,[],[],194,Node
거래종결일 현재,entity,[],[],195,Node
적절한 보상한도,entity,[],[],196,Node
대상회사의 모든 보험계약은 거래종결일 현재 유효하다.,event,[],[],197,Node
적절한 보상한도를 유지하고 있다.,event,[],[],198,Node
보험계약,entity,[],[],199,Node
대상회사는 보험계약의 적절한 보상한도를 유지하고 있다.,event,[],[],200,Node
보상한도,entity,[],[],201,Node
부동산,entity,[],[],202,Node
부동산의 임대차계약,entity,[],[],203,Node
임대차계약 상태,entity,[],[],204,Node
대상회사가 사용하는 모든 부동산의 임대차계약은 정상적이다.,event,[],[],205,Node
대상회사가 사용하는 모든 부동산의 임대차계약은 유효하다.,event,[],[],206,Node
대상회사가 사용하는 모든 부동산의 임대차계약이 정상적이고 유효하다.,event,[],[],207,Node
대상회사가 사용하는 모든 부동산,entity,[],[],208,Node
사업 운영에 필요한 모든 지적재산권,entity,[],[],209,Node
대상회사는 사업 운영에 필요한 모든 지적재산권을 적법하게 보유하거나 사용할 권리를 가진다.,event,[],[],210,Node
대상회사는 사업을 운영할 수 있다.,event,[],[],211,Node
대상회사는 사업 운영에 필요한 모든 지적재산권을 적법하게 보유한다.,event,[],[],212,Node
지적재산권,entity,[],[],213,Node
대상회사는 사업 운영에 필요한 모든 지적재산권을 사용할 권리를 가진다.,event,[],[],214,Node
본 계약상 권리의무,entity,[],[],215,Node
상대방의 사전 서면 동의,entity,[],[],216,Node
어느 당사자가 본 계약상 권리의무를 제3자에게 양도한다.,event,[],[],217,Node
상대방의 사전 서면 동의를 받아야 한다.,event,[],[],218,Node
어느 당사자가 상대방의 사전 서면 동의 없이 본 계약상 권리의무를 제3자에게 양도한다.,event,[],[],219,Node
계약상 권리의무의 양도가 허용되지 않는다.,event,[],[],220,Node
계약의 당사자가 상대방의 사전 서면 동의 없이 본 계약상 권리의무를 제3자에게 양도할 수 없다.,event,[],[],221,Node
계약의 당사자,entity,[],[],222,Node
환경 관련 법규,entity,[],[],223,Node
환경 관련 소송 및 분쟁,entity,[],[],224,Node
대상회사는 모든 환경 관련 법규를 준수하고 있다.,event,[],[],225,Node
환경 관련 소송이나 분쟁이 없다.,event,[],[],226,Node
대상회사는 환경 관련 소송이나 분쟁이 없다.,event,[],[],227,Node
환경 관련 소송,entity,[],[],228,Node
환경 관련 분쟁,entity,[],[],229,Node
개인정보보호법,entity,[],[],230,Node
데이터 보호 관련 법규,entity,[],[],231,Node
대상회사는 개인정보보호법 등 데이터 보호 관련 법규를 완전히 준수한다.,event,[],[],232,Node
데이터 보호가 이루어진다.,event,[],[],233,Node
통상의 영업과정에 따라,entity,[],[],234,Node
운영,entity,[],[],235,Node
거래종결일까지,entity,[],[],236,Node
매도인은 거래종결일까지 대상회사를 통상의 영업과정에 따라 운영한다.,event,[],[],237,Node
대상회사 관련 정보,entity,[],[],238,Node
매수인이 대상회사 관련 정보를 합리적으로 요청한다.,event,[],[],239,Node
매도인은 매수인이 요청한 정보를 신속히 제공한다.,event,[],[],240,Node
매수인이 대상회사 관련 정보를 합리적으로 요청한다,event,[],[],241,Node
매도인이 매수인에게 대상회사 관련 정보를 신속히 제공한다,event,[],[],242,Node
하자담보책임,entity,[],[],243,Node
거래종결일로부터 60일간,entity,[],[],244,Node
조세 관련 사항,entity,[],[],245,Node
공소시효 만료일까지,entity,[],[],246,Node
소유권 관련 사항,entity,[],[],247,Node
무기한,entity,[],[],248,Node
하자담보책임의 청구,entity,[],[],249,Node
거래종결일이 발생한다.,event,[],[],250,Node
매도인의 진술보증 위반에 대한 하자담보책임이 60일간 유효하다.,event,[],[],251,Node
조세 관련 사항에 대한 하자담보책임이 발생한다.,event,[],[],252,Node
그 책임 기간이 공소시효 만료일까지 유효하다.,event,[],[],253,Node
소유권 관련 사항에 대한 하자담보책임이 발생한다.,event,[],[],254,Node
그 책임 기간이 무기한 유효하다.,event,[],[],255,Node
하자담보책임의 청구가 이루어진다.,event,[],[],256,Node
본 계약에 정한 절차를 따라야 한다.,event,[],[],257,Node
매도인의 진술보증 위반에 대한 하자담보책임은 거래종결일로부터 60일간 유효하다.,event,[],[],258,Node
진술보증,entity,[],[],259,Node
조세 관련 사항에 대한 하자담보책임은 공소시효 만료일까지 유효하다.,event,[],[],260,Node
공소시효,entity,[],[],261,Node
소유권 관련 사항에 대한 하자담보책임은 무기한 유효하다.,event,[],[],262,Node
하자담보책임의 청구는 본 계약에 정한 절차에 따라야 한다.,event,[],[],263,Node
절차,entity,[],[],264,Node
외부 전문가,entity,[],[],265,Node
실사,entity,[],[],266,Node
매수인은 필요시 외부 전문가를 선임한다.,event,[],[],267,Node
매수인은 실사를 수행할 수 있다.,event,[],[],268,Node
매수인은 외부 전문가를 선임할 수 있다.,event,[],[],269,Node
자신의 비용,entity,[],[],270,Node
본 거래와 관련,entity,[],[],271,Node
각 당사자가 본 거래와 관련하여 비용을 부담한다,event,[],[],272,Node
각 당사자는 자신의 비용을 부담한다,event,[],[],273,Node
각 당사자는 본 거래와 관련하여 발생한 자신의 비용을 부담한다.,event,[],[],274,Node
본 거래,entity,[],[],275,Node
제3장 진술 및 보증이 명시되어 있다.,event,[],[],276,Node
계약 당사자는 해당 장의 내용을 확인한다.,event,[],[],277,Node
계약의 진술 및 보증에 동의하게 된다.,event,[],[],278,Node
다음 사항이 진실하고 정확함,entity,[],[],279,Node
본 계약 체결일 및 거래종결일 현재,entity,[],[],280,Node
본 계약이 체결된다,event,[],[],281,Node
매도인은 다음 사항이 진실하고 정확함을 진술하고 보증한다,event,[],[],282,Node
거래종결일이 도래한다,event,[],[],283,Node
매도인은 본 계약 체결일 및 거래종결일 현재 다음 사항이 진실하고 정확함을 진술하고 보증한다.,event,[],[],284,Node
계약 체결일,entity,[],[],285,Node
다음 사항,entity,[],[],286,Node
처분권한,entity,[],[],287,Node
매도인은 매매주식의 적법하고 완전한 소유자이다.,event,[],[],288,Node
매도인은 매매주식의 처분권한을 가진다.,event,[],[],289,Node
매도인은 매매주식에 대한 처분권한을 가진다.,event,[],[],290,Node
재무제표,entity,[],[],291,Node
한국채택국제회계기준,entity,[],[],292,Node
중요한 측면,entity,[],[],293,Node
제공된 대상회사의 재무제표는 한국채택국제회계기준에 따라 작성되었다.,event,[],[],294,Node
제공된 대상회사의 재무제표는 중요한 측면에서 정확하다.,event,[],[],295,Node
대상회사의 재무제표가 한국채택국제회계기준에 따라 작성되었다.,event,[],[],296,Node
대상회사의 재무제표가 중요한 측면에서 정확하다.,event,[],[],297,Node
부채,entity,[],[],298,Node
중요한 부채,entity,[],[],299,Node
우발채무,entity,[],[],300,Node
재무제표에 기재된 것 외에 대상회사의 중요한 부채나 우발채무는 없다.,event,[],[],301,Node
대상회사의 중요한 부채나 우발채무가 발견되지 않는다.,event,[],[],302,Node
대상회사의 중요한 부채나 우발채무가 재무제표에 기재된 것 외에는 존재하지 않는다.,event,[],[],303,Node
중요한 소송,entity,[],[],304,Node
중재,entity,[],[],305,Node
행정절차,entity,[],[],306,Node
"대상회사를 상대로 하거나 대상회사가 당사자인 중요한 소송, 중재, 행정절차가 없다.",event,[],[],307,Node
현재 대상회사를 둘러싼 법적 분쟁이 존재하지 않는다.,event,[],[],308,Node
대상회사를 상대로 중요한 소송이 없다.,event,[],[],309,Node
대상회사가 당사자인 중요한 소송이 없다.,event,[],[],310,Node
대상회사와 관련된 중요한 중재가 없다.,event,[],[],311,Node
대상회사와 관련된 중요한 행정절차가 없다.,event,[],[],312,Node
모든 중요한 계약,entity,[],[],313,Node
계약 상대방,entity,[],[],314,Node
대상회사는 모든 중요한 계약을 위반한 사실이 없다.,event,[],[],315,Node
계약 상대방으로부터 위반 통지를 받은 바 없다.,event,[],[],316,Node
중요한 계약,entity,[],[],317,Node
대상회사는 계약 상대방으로부터 위반 통지를 받은 바 없다.,event,[],[],318,Node
위반 통지,entity,[],[],319,Node
사업과 관련된 모든 법령,entity,[],[],320,Node
사업과 관련된 모든 규정,entity,[],[],321,Node
"대상회사는 사업과 관련된 모든 법령, 규정을 중요한 측면에서 준수하고 있다.",event,[],[],322,Node
대상회사는 법규 위반에 따른 제재를 받지 않는다.,event,[],[],323,Node
"대상회사는 사업과 관련된 모든 법령, 규정을 준수하고 있다.",event,[],[],324,Node
규정,entity,[],[],325,Node
모든 세금,entity,[],[],326,Node
진행 중인 세무조사,entity,[],[],327,Node
진행 중인 세무분쟁,entity,[],[],328,Node
대상회사는 모든 세금을 적시에 신고·납부했다.,event,[],[],329,Node
진행 중인 세무조사나 분쟁이 없다.,event,[],[],330,Node
대상회사가 모든 세금을 적시에 신고·납부했다.,event,[],[],331,Node
세금,entity,[],[],332,Node
대상회사에 진행 중인 세무조사가 없다.,event,[],[],333,Node
세무조사,entity,[],[],334,Node
대상회사에 진행 중인 분쟁이 없다.,event,[],[],335,Node
노동 관련 법규,entity,[],[],336,Node
노동조합과의 단체협약,entity,[],[],337,Node
대상회사는 노동 관련 법규를 준수한다.,event,[],[],338,Node
대상회사는 노동조합과의 단체협약을 위반한 바 없다.,event,[],[],339,Node
대상회사가 노동 관련 법규를 준수한다.,event,[],[],340,Node
대상회사가 노동조합과의 단체협약을 위반한 적이 없다.,event,[],[],341,Node
노동조합,entity,[],[],342,Node
단체협약,entity,[],[],343,Node
대상회사의 모든 중요 자산,entity,[],[],344,Node
양호한 상태,entity,[],[],345,Node
정상적으로,entity,[],[],346,Node
대상회사의 모든 중요 자산은 양호한 상태로 유지되고 있다.,event,[],[],347,Node
자산이 정상적으로 운영되고 있다.,event,[],[],348,Node
대상회사의 모든 중요 자산이 양호한 상태로 유지되고 있다.,event,[],[],349,Node
중요 자산,entity,[],[],350,Node
대상회사의 모든 중요 자산이 정상적으로 운영되고 있다.,event,[],[],351,Node
중요 계약,entity,[],[],352,Node
연간 1억원 이상의 중요 계약,entity,[],[],353,Node
실사 과정에서 공개되지 않은 계약,entity,[],[],354,Node
실사 과정에서 계약 관련 정보가 공개되었다.,event,[],[],355,Node
공개된 것 외에 연간 1억원 이상의 중요 계약이 없다고 확인되었다.,event,[],[],356,Node
실사 과정에서 일부 계약이 공개되었다.,event,[],[],357,Node
연간 1억원 이상의 중요 계약은 존재하지 않는다.,event,[],[],358,Node
본 계약을 체결하고 이행할 완전한 권한과 능력,entity,[],[],359,Node
매수인은 본 계약을 체결할 완전한 권한과 능력을 보유한다.,event,[],[],360,Node
매수인은 본 계약을 체결한다.,event,[],[],361,Node
매수인은 본 계약을 이행한다.,event,[],[],362,Node
매수인은 본 계약을 이행할 완전한 권한과 능력을 보유한다.,event,[],[],363,Node
매매대금 지급에 필요한 충분한 자금 확보,entity,[],[],364,Node
매수인은 매매대금 지급에 필요한 충분한 자금을 확보했음을 확인한다.,event,[],[],365,Node
매수인은 매매대금을 지급한다.,event,[],[],366,Node
매도인의 진술보증,entity,[],[],367,Node
매수인이 실사 과정에서 실제로 인지한 사항,entity,[],[],368,Node
매수인이 실사 과정에서 실제로 어떤 사항을 인지한다.,event,[],[],369,Node
매도인의 진술보증은 그 사항에 적용되지 않는다.,event,[],[],370,Node
매도인의 진술보증은 매수인이 실사 과정에서 실제로 인지한 사항에는 적용되지 않는다.,event,[],[],371,Node
데이터룸,entity,[],[],372,Node
모든 정보,entity,[],[],373,Node
데이터룸을 통해 정보가 공개된다.,event,[],[],374,Node
모든 정보는 중요한 측면에서 정확하고 완전하다.,event,[],[],375,Node
데이터룸을 통해 모든 정보가 공개된다.,event,[],[],376,Node
공개된 모든 정보는 중요한 측면에서 정확하다.,event,[],[],377,Node
공개된 모든 정보,entity,[],[],378,Node
공개된 모든 정보는 중요한 측면에서 완전하다.,event,[],[],379,Node
진술보증 사항,entity,[],[],380,Node
중요한 변경,entity,[],[],381,Node
진술보증 사항에 중요한 변경이 발생한다.,event,[],[],382,Node
각 당사자는 즉시 상대방에게 통지한다.,event,[],[],383,Node
각 당사자는 진술보증 사항에 중요한 변경이 발생할 경우 즉시 상대방에게 통지한다.,event,[],[],384,Node
통지,entity,[],[],385,Node
하자의 구체적 내용,entity,[],[],386,Node
예상 손해액,entity,[],[],387,Node
통지 기한을 도과한 청구,entity,[],[],388,Node
청구,entity,[],[],389,Node
매수인이 하자를 발견한다.,event,[],[],390,Node
매수인은 14일 이내에 매도인에게 서면으로 통지해야 한다.,event,[],[],391,Node
매수인은 매도인에게 하자를 서면으로 통지한다.,event,[],[],392,Node
통지에는 하자의 구체적 내용과 예상 손해액이 포함된다.,event,[],[],393,Node
통지 기한을 넘겨 청구한다.,event,[],[],394,Node
청구는 효력이 없다.,event,[],[],395,Node
매수인은 하자를 발견한 날로부터 14일 이내에 매도인에게 서면으로 통지해야 한다.,event,[],[],396,Node
통지에는 하자의 구체적 내용과 예상 손해액이 포함되어야 한다.,event,[],[],397,Node
통지 기한을 도과한 청구는 효력이 없다.,event,[],[],398,Node
통지 기한,entity,[],[],399,Node
제공한 모든 정보의 정확성을 위해 최선을 다함,entity,[],[],400,Node
매도인은 제공한 모든 정보의 정확성을 위해 최선을 다했다.,event,[],[],401,Node
매도인은 제공한 모든 정보의 정확성을 확인한다.,event,[],[],402,Node
매도인은 제공한 모든 정보의 정확성을 위해 최선을 다했음을 확인한다.,event,[],[],403,Node
제공한 모든 정보,entity,[],[],404,Node
재무 정보,entity,[],[],405,Node
일관된 회계 기준,entity,[],[],406,Node
모든 재무 정보는 일관된 회계 기준에 따라 작성되었다.,event,[],[],407,Node
회계 기준이 일관되게 적용되었다.,event,[],[],408,Node
모든 재무 정보가 일관된 회계 기준에 따라 작성되었다.,event,[],[],409,Node
회계 기준,entity,[],[],410,Node
사업계획 및 예측,entity,[],[],411,Node
합리적인 가정에 기초하여 성실하게 작성된 상태,entity,[],[],412,Node
합리적인 가정에 기초한다.,event,[],[],413,Node
사업계획 및 예측을 성실하게 작성한다.,event,[],[],414,Node
제공된 사업계획 및 예측이 성실하게 작성된다.,event,[],[],415,Node
사업계획 및 예측이 합리적인 가정에 기초하여 성실하게 작성되었다.,event,[],[],416,Node
사업계획,entity,[],[],417,Node
예측,entity,[],[],418,Node
제3장 거래과정이 완료된다.,event,[],[],419,Node
제4장 거래종결이 진행된다.,event,[],[],420,Node
제4장 거래종결이 시작된다.,event,[],[],421,Node
제4장,entity,[],[],422,Node
본 계약 체결일로부터 30일 이내,entity,[],[],423,Node
당사자들이 합의한 날,entity,[],[],424,Node
거래종결은 본 계약 체결일로부터 30일 이내에 이루어진다.,event,[],[],425,Node
거래종결은 당사자들이 합의한 날에 이루어진다.,event,[],[],426,Node
당사자들,entity,[],[],427,Node
조건 충족 시,entity,[],[],428,Node
조건,entity,[],[],429,Node
정부 승인,entity,[],[],430,Node
필요한 경우,entity,[],[],431,Node
매도인의 진술보증이 중요한 측면에서 정확하다,event,[],[],432,Node
매수인의 거래종결 의무가 발생한다,event,[],[],433,Node
중요한 부정적 변동이 없다,event,[],[],434,Node
필요한 정부 승인을 취득한다,event,[],[],435,Node
매도인의 진술보증이 중요한 측면에서 정확해야 한다.,event,[],[],436,Node
필요한 정부 승인을 취득해야 한다.,event,[],[],437,Node
정부,entity,[],[],438,Node
위 조건들이 충족되어야 매수인의 거래종결 의무가 발생한다.,event,[],[],439,Node
매수인의 진술보증,entity,[],[],440,Node
매도인의 거래종결 의무 발생,entity,[],[],441,Node
매수인의 진술보증이 정확하다,event,[],[],442,Node
매매대금이 준비된다,event,[],[],443,Node
매도인의 거래종결 의무가 발생한다,event,[],[],444,Node
매수인의 진술보증이 정확하다.,event,[],[],445,Node
매매대금이 준비된다.,event,[],[],446,Node
매도인의 사무실,entity,[],[],447,Node
서울특별시 강남구,entity,[],[],448,Node
거래종결이 이루어진다,event,[],[],449,Node
서울특별시 강남구 소재 매도인의 사무실에 있다,event,[],[],450,Node
거래종결이 서울특별시 강남구 소재 매도인의 사무실에서 이루어진다.,event,[],[],451,Node
주권,entity,[],[],452,Node
주주명부,entity,[],[],453,Node
이사회 결의서,entity,[],[],454,Node
필요 서류,entity,[],[],455,Node
거래종결 시,entity,[],[],456,Node
매도인 인도,entity,[],[],457,Node
"매도인은 주권, 주주명부, 이사회 결의서 등 필요 서류를 인도한다.",event,[],[],458,Node
"매도인은 거래종결 시 주권, 주주명부, 이사회 결의서 등 필요 서류를 인도한다.",event,[],[],459,Node
자,entity,[],[],460,Node
대상회사 이사,entity,[],[],461,Node
매수인이 지명한 자를 대상회사의 이사로 선임한다.,event,[],[],462,Node
거래종결과 동시에 매수인이 지명한 자를 대상회사의 이사로 선임한다.,event,[],[],463,Node
매수인이 지명한 자,entity,[],[],464,Node
종결 확인서,entity,[],[],465,Node
양 당사자는 종결 확인서를 작성하여 서명한다.,event,[],[],466,Node
양 당사자는 종결 확인서를 작성한다.,event,[],[],467,Node
양 당사자는 종결 확인서에 서명한다.,event,[],[],468,Node
대상회사는 주주명부에 매수인을 기재한다.,event,[],[],469,Node
거래종결 즉시 대상회사는 주주명부에 매수인을 기재한다.,event,[],[],470,Node
경영권,entity,[],[],471,Node
통제권,entity,[],[],472,Node
경영권과 통제권,entity,[],[],473,Node
대상회사에 대한 경영권과 통제권이 매수인에게 이전된다.,event,[],[],474,Node
일방,entity,[],[],475,Node
일방이 정당한 사유 없이 거래종결을 거부한다.,event,[],[],476,Node
상대방은 계약을 해제할 수 있다.,event,[],[],477,Node
상대방은 손해배상을 청구할 수 있다.,event,[],[],478,Node
상대방은 계약을 해제하고 손해배상을 청구할 수 있다.,event,[],[],479,Node
상대방은 계약을 해제한다.,event,[],[],480,Node
상대방이 계약을 해제한다.,event,[],[],481,Node
상대방이 손해배상을 청구한다.,event,[],[],482,Node
손해배상,entity,[],[],483,Node
자신을 위한 거래종결 전제조건,entity,[],[],484,Node
각 당사자는 자신을 위한 거래종결 전제조건을 포기할 수 있다.,event,[],[],485,Node
거래종결 전제조건이 더 이상 적용되지 않는다.,event,[],[],486,Node
거래종결 전제조건,entity,[],[],487,Node
행정적 사항,entity,[],[],488,Node
행정적 사항이 발생한다.,event,[],[],489,Node
양 당사자가 상호 협력한다.,event,[],[],490,Node
양 당사자는 거래종결 후 발생하는 행정적 사항에 대해 협력한다.,event,[],[],491,Node
제15조의 확인실사,entity,[],[],492,Node
독립된 제3자 전문기관,entity,[],[],493,Node
검증 기관,entity,[],[],494,Node
양 당사자 합의,entity,[],[],495,Node
대한상사중재원,entity,[],[],496,Node
검증 절차,entity,[],[],497,Node
통상 15영업일,entity,[],[],498,Node
30영업일,entity,[],[],499,Node
제15조의 확인실사에서 하자가 발견된다.,event,[],[],500,Node
독립된 제3자 전문기관의 검증을 거친다.,event,[],[],501,Node
양 당사자가 검증 기관 선정에 합의하지 못한다.,event,[],[],502,Node
대한상사중재원이 검증 기관을 지정한다.,event,[],[],503,Node
검증 절차가 복잡한 사안이다.,event,[],[],504,Node
검증 절차가 30영업일까지 연장될 수 있다.,event,[],[],505,Node
하자가 확인된다.,event,[],[],506,Node
검증 비용을 매도인이 부담한다.,event,[],[],507,Node
하자가 확인되지 않는다.,event,[],[],508,Node
검증 비용을 매수인이 부담한다.,event,[],[],509,Node
제15조의 확인실사에서 발견된 하자는 독립된 제3자 전문기관의 검증을 거친다.,event,[],[],510,Node
검증 기관은 양 당사자가 합의하여 선정한다.,event,[],[],511,Node
합의가 없을 경우 대한상사중재원이 검증 기관을 지정한다.,event,[],[],512,Node
검증 절차는 통상 15영업일이 소요된다.,event,[],[],513,Node
복잡한 사안의 경우 검증 절차가 30영업일까지 연장될 수 있다.,event,[],[],514,Node
복잡한 사안,entity,[],[],515,Node
하자가 확인된 경우 검증 비용은 매도인이 부담한다.,event,[],[],516,Node
검증 비용,entity,[],[],517,Node
하자가 확인되지 않은 경우 검증 비용은 매수인이 부담한다.,event,[],[],518,Node
매매대금 수령 계좌 정보,entity,[],[],519,Node
거래종결 5영업일 전까지,entity,[],[],520,Node
매도인은 거래종결 5영업일 전까지 매매대금 수령 계좌 정보를 통지한다.,event,[],[],521,Node
매도인은 매매대금 수령 계좌 정보를 통지한다.,event,[],[],522,Node
양도소득세,entity,[],[],523,Node
취득세,entity,[],[],524,Node
거래가 발생한다.,event,[],[],525,Node
양도소득세는 매도인이 부담한다.,event,[],[],526,Node
취득세는 매수인이 부담한다.,event,[],[],527,Node
관련 등기 절차,entity,[],[],528,Node
필요한 경우가 발생한다.,event,[],[],529,Node
양 당사자는 관련 등기 절차에 협력한다.,event,[],[],530,Node
양 당사자가 필요한 경우 관련 등기 절차에 협력한다.,event,[],[],531,Node
전 직원,entity,[],[],532,Node
대상회사는 전 직원에게 경영권 변경을 통지한다.,event,[],[],533,Node
대상회사는 거래종결 후 경영권 변경을 전 직원에게 통지한다.,event,[],[],534,Node
주요 고객에 대한 통지가 필요하다.,event,[],[],535,Node
양 당사자가 협의하여 통지를 진행한다.,event,[],[],536,Node
양 당사자가 주요 고객에 대한 통지를 협의하여 진행한다.,event,[],[],537,Node
감사 보고서,entity,[],[],538,Node
매수인이 선임한 감사인,entity,[],[],539,Node
거래종결 후 첫 회계연도,entity,[],[],540,Node
첫 회계연도가 시작된다.,event,[],[],541,Node
감사인이 감사보고서를 작성한다.,event,[],[],542,Node
매수인이 감사인을 선임한다.,event,[],[],543,Node
거래,entity,[],[],544,Node
첫 회계연도,entity,[],[],545,Node
매수인이 감사를 선임한다.,event,[],[],546,Node
감사,entity,[],[],547,Node
매수인이 선임한 감사가 감사보고서를 작성한다.,event,[],[],548,Node
감사보고서,entity,[],[],549,Node
중요 문서,entity,[],[],550,Node
대상회사의 모든 중요 문서는 거래종결 후 매수인에게 인도된다.,event,[],[],551,Node
매수인은 거래종결일에 잔금지급을 완료한다.,event,[],[],552,Node
매도인은 주식 및 관련 서류를 매수인에게 이전한다.,event,[],[],553,Node
제5장 거래종결 후 사항이 규정된다.,event,[],[],554,Node
제5장,entity,[],[],555,Node
거래종결 후 사항,entity,[],[],556,Node
경영권 이전,entity,[],[],557,Node
매도인은 3개월간 원활한 경영권 이전을 위해 지원한다.,event,[],[],558,Node
매도인은 거래종결 후 3개월간 원활한 경영권 이전을 위해 지원한다.,event,[],[],559,Node
매매대금의 30%,entity,[],[],560,Node
매도인의 손해배상 책임이 발생한다.,event,[],[],561,Node
손해배상 책임 한도는 매매대금의 30%로 제한된다.,event,[],[],562,Node
매도인의 손해배상 책임이 매매대금의 30%로 제한된다.,event,[],[],563,Node
매수인이 인지하고 있던 사항,entity,[],[],564,Node
공개된 위험,entity,[],[],565,Node
매수인이 어떤 사항이나 위험을 인지하고 있다.,event,[],[],566,Node
매도인은 해당 사항이나 위험에 대해 책임지지 않는다.,event,[],[],567,Node
어떤 위험이 공개된다.,event,[],[],568,Node
매도인은 그 위험에 대해 책임지지 않는다.,event,[],[],569,Node
매수인이 어떤 사항이나 공개된 위험을 인지하고 있다.,event,[],[],570,Node
매도인이 그에 대해 책임지지 않는다.,event,[],[],571,Node
매수인이 어떤 사항을 인지한다.,event,[],[],572,Node
매도인이 매수인이 인지하고 있던 사항이나 공개된 위험에 대해 책임지지 않는다.,event,[],[],573,Node
월별,entity,[],[],574,Node
거래종결 후 3개월간,entity,[],[],575,Node
매도인은 3개월간 월별로 재무 정보를 업데이트하여 제공한다.,event,[],[],576,Node
매도인은 재무 정보를 월별로 업데이트한다.,event,[],[],577,Node
매도인은 거래종결 후 3개월간 재무 정보를 제공한다.,event,[],[],578,Node
손해배상 청구,entity,[],[],579,Node
제89조에 정한 증빙자료,entity,[],[],580,Node
손해배상 청구를 한다.,event,[],[],581,Node
제89조에 정한 증빙자료를 준비한다.,event,[],[],582,Node
증빙자료를 첨부한다.,event,[],[],583,Node
서면으로 제출한다.,event,[],[],584,Node
손해배상 청구는 제89조에 정한 증빙자료를 첨부하여 서면으로 해야 한다.,event,[],[],585,Node
서면,entity,[],[],586,Node
확정된 손해배상액과 미지급 매매대금,entity,[],[],587,Node
매수인이 확정된 손해배상액을 가진다.,event,[],[],588,Node
매수인이 미지급 매매대금과 손해배상액을 상계할 수 있다.,event,[],[],589,Node
매수인이 미지급 매매대금과 상계할 수 있다.,event,[],[],590,Node
매수인은 확정된 손해배상액을 미지급 매매대금과 상계할 수 있다.,event,[],[],591,Node
확정된 손해배상액,entity,[],[],592,Node
미지급 매매대금,entity,[],[],593,Node
거래종결 후 발견된 자산,entity,[],[],594,Node
거래종결 후 발견된 부채,entity,[],[],595,Node
자산이 발견된다.,event,[],[],596,Node
부채가 발견된다.,event,[],[],597,Node
자산이 거래종결 후 발견된다.,event,[],[],598,Node
자산이 매수인에게 귀속된다.,event,[],[],599,Node
부채가 거래종결 후 발견된다.,event,[],[],600,Node
부채가 매도인에게 귀속된다.,event,[],[],601,Node
거래종결 후 발견된 자산은 매수인에게 귀속된다.,event,[],[],602,Node
거래종결 후 발견된 부채는 매도인에게 귀속된다.,event,[],[],603,Node
대상회사의 독립적 경영,entity,[],[],604,Node
매수인이 대상회사의 경영에 참여한다,event,[],[],605,Node
매수인은 대상회사의 독립적 경영을 보장한다,event,[],[],606,Node
대상회사는 독립적으로 경영을 수행한다,event,[],[],607,Node
매수인은 대상회사의 독립적 경영을 보장한다.,event,[],[],608,Node
거래종결 전 선언되었으나 미지급된 배당,entity,[],[],609,Node
배당이 거래종결 전에 선언된다,event,[],[],610,Node
배당이 미지급된다,event,[],[],611,Node
거래종결 전 배당이 선언된다,event,[],[],612,Node
배당이 거래종결 전에 선언되고 미지급된다,event,[],[],613,Node
배당이 매도인에게 귀속된다,event,[],[],614,Node
거래종결 전에 선언되었으나 미지급된 배당이 매도인에게 귀속된다.,event,[],[],615,Node
배당,entity,[],[],616,Node
매수인의 연결 재무제표,entity,[],[],617,Node
대상회사는 매수인의 연결 재무제표에 포함된다.,event,[],[],618,Node
대상회사가 매수인의 연결 재무제표에 포함된다.,event,[],[],619,Node
거래 시너지 실현,entity,[],[],620,Node
거래 시너지가 실현된다.,event,[],[],621,Node
양 당사자가 거래 시너지 실현을 위해 상호 협력한다.,event,[],[],622,Node
기존 브랜드,entity,[],[],623,Node
회사가 기존 브랜드를 계속 사용할 수 있다,event,[],[],624,Node
브랜드 사용에 관한 규정이 마련되었다,event,[],[],625,Node
대상회사가 기존 브랜드를 계속 사용할 수 있다.,event,[],[],626,Node
기존 공급계약,entity,[],[],627,Node
동일한 조건,entity,[],[],628,Node
기존 공급계약이 존재한다.,event,[],[],629,Node
기존 공급계약은 동일한 조건으로 유지된다.,event,[],[],630,Node
기존 공급계약이 동일한 조건으로 유지된다.,event,[],[],631,Node
진행 중인 연구개발 프로젝트,entity,[],[],632,Node
연구개발 프로젝트,entity,[],[],633,Node
진행 중인 연구개발 프로젝트가 있다.,event,[],[],634,Node
연구개발 프로젝트는 계속 수행된다.,event,[],[],635,Node
진행 중인 연구개발 프로젝트가 계속 수행된다.,event,[],[],636,Node
사회공헌 활동,entity,[],[],637,Node
대상회사의 사회공헌 활동이 이루어진다.,event,[],[],638,Node
대상회사의 사회공헌 활동은 지속된다.,event,[],[],639,Node
대상회사의 사회공헌 활동이 지속된다.,event,[],[],640,Node
규제 변경,entity,[],[],641,Node
비용,entity,[],[],642,Node
규제가 변경된다.,event,[],[],643,Node
비용이 발생한다.,event,[],[],644,Node
매수인이 비용을 부담한다.,event,[],[],645,Node
향후 규제 변경에 따른 비용을 매수인이 부담한다.,event,[],[],646,Node
시설 이전,entity,[],[],647,Node
매수인의 책임과 비용,entity,[],[],648,Node
시설 이전이 필요하다,event,[],[],649,Node
시설 이전은 매수인의 책임과 비용으로 진행한다,event,[],[],650,Node
시설 이전이 필요할 시 매수인이 책임과 비용을 부담한다.,event,[],[],651,Node
시설,entity,[],[],652,Node
기존 분쟁 해결에 필요한 정보,entity,[],[],653,Node
기존 분쟁이 발생한다.,event,[],[],654,Node
매도인은 분쟁 해결을 위해 필요한 정보를 제공한다.,event,[],[],655,Node
매도인은 기존 분쟁 해결을 위해 필요한 정보를 제공한다.,event,[],[],656,Node
상세 보고서,entity,[],[],657,Node
제3자 검증 보고서,entity,[],[],658,Node
손해액 산정 근거 및 관련 증빙,entity,[],[],659,Node
외부 전문가 의견서,entity,[],[],660,Node
인과관계 입증 자료,entity,[],[],661,Node
추가 자료,entity,[],[],662,Node
손해배상 청구를 한다,event,[],[],663,Node
하자의 구체적 내용을 기술한 상세 보고서를 첨부한다,event,[],[],664,Node
제3자 검증 보고서를 첨부한다,event,[],[],665,Node
손해액 산정 근거 및 관련 증빙을 첨부한다,event,[],[],666,Node
외부 전문가 의견서를 첨부한다 (필요시),event,[],[],667,Node
하자와 손해 간 인과관계 입증 자료를 첨부한다,event,[],[],668,Node
증빙이 불충분하다,event,[],[],669,Node
매도인은 추가 자료를 요구할 수 있다,event,[],[],670,Node
모든 손해배상 청구는 하자의 구체적 내용을 기술한 상세 보고서를 첨부해야 한다.,event,[],[],671,Node
하자의 구체적 내용을 기술한 상세 보고서,entity,[],[],672,Node
모든 손해배상 청구는 제63조에 따른 제3자 검증 보고서를 첨부해야 한다.,event,[],[],673,Node
제63조에 따른 제3자 검증 보고서,entity,[],[],674,Node
모든 손해배상 청구는 손해액 산정 근거 및 관련 증빙을 첨부해야 한다.,event,[],[],675,Node
손해액 산정 근거,entity,[],[],676,Node
관련 증빙,entity,[],[],677,Node
모든 손해배상 청구는 필요시 외부 전문가 의견서를 첨부해야 한다.,event,[],[],678,Node
모든 손해배상 청구는 하자와 손해 간 인과관계 입증 자료를 첨부해야 한다.,event,[],[],679,Node
하자와 손해 간 인과관계 입증 자료,entity,[],[],680,Node
증빙이 불충분한 경우 매도인은 추가 자료를 요구할 수 있다.,event,[],[],681,Node
목표 달성,entity,[],[],682,Node
추가 대가 지급 등의 조정,entity,[],[],683,Node
제90조,entity,[],[],684,Node
목표를 달성한다.,event,[],[],685,Node
추가 대가 지급 등의 조정은 없다.,event,[],[],686,Node
추가 대가 지급 등의 조정이 없다.,event,[],[],687,Node
제6장 일반조항이 언급된다.,event,[],[],688,Node
제6장 일반조항,entity,[],[],689,Node
등기우편,entity,[],[],690,Node
이메일,entity,[],[],691,Node
발송 후 3영업일 경과,entity,[],[],692,Node
본 계약에 따른 모든 통지는 등기우편 또는 이메일로 한다.,event,[],[],693,Node
통지는 발송 후 3영업일이 경과하면 도달한 것으로 본다.,event,[],[],694,Node
통지를 발송한다.,event,[],[],695,Node
3영업일이 경과한다.,event,[],[],696,Node
통지는 도달한 것으로 본다.,event,[],[],697,Node
본 계약에 따른 모든 통지는 등기우편으로 한다.,event,[],[],698,Node
본 계약에 따른 모든 통지는 이메일로 한다.,event,[],[],699,Node
거래종결일 기준,entity,[],[],700,Node
목표액과 차이,entity,[],[],701,Node
거래종결일 기준 운전자본을 확정한다.,event,[],[],702,Node
목표액과 차이를 정산한다.,event,[],[],703,Node
거래종결 후 60일 내에 거래종결일 기준 운전자본을 확정하고 목표액과 차이를 정산한다.,event,[],[],704,Node
운전자본 확정과 목표액과의 차이 정산이 함께 이루어진다.,event,[],[],705,Node
거래종결 후 60일 내에 거래종결일 기준 운전자본을 확정한다.,event,[],[],706,Node
거래종결일 기준 운전자본과 목표액의 차이를 정산한다.,event,[],[],707,Node
목표액,entity,[],[],708,Node
대한민국 법률에 따라 규율되고 해석된다.,event,[],[],709,Node
본 계약이 대한민국 법률에 따라 규율되고 해석된다.,event,[],[],710,Node
대한민국 법률이 본 계약의 해석에 적용된다.,event,[],[],711,Node
본 계약이 대한민국 법률에 따라 규율된다.,event,[],[],712,Node
본 계약이 대한민국 법률에 따라 해석된다.,event,[],[],713,Node
서울중앙지방법원,entity,[],[],714,Node
본 계약과 관련된 분쟁,entity,[],[],715,Node
본 계약과 관련된 분쟁이 발생한다.,event,[],[],716,Node
서울중앙지방법원이 제1심 관할법원이 된다.,event,[],[],717,Node
서울중앙지방법원이 본 계약과 관련된 분쟁의 제1심 관할법원이 된다.,event,[],[],718,Node
우호적 해결,entity,[],[],719,Node
당사자들은 우호적 해결을 우선으로 한다.,event,[],[],720,Node
필요시 대한상사중재원의 중재에 따른다.,event,[],[],721,Node
당사자들은 필요시 대한상사중재원의 중재에 따른다.,event,[],[],722,Node
서면 합의,entity,[],[],723,Node
양 당사자가 서면으로 합의한다.,event,[],[],724,Node
본 계약이 수정되거나 변경된다.,event,[],[],725,Node
본 계약을 수정하거나 변경한다.,event,[],[],726,Node
본 계약의 일부 조항,entity,[],[],727,Node
나머지 조항은 유효하다,entity,[],[],728,Node
본 계약의 일부 조항이 무효인 경우,event,[],[],729,Node
본 계약의 일부 조항이 무효가 된다.,event,[],[],730,Node
일부 조항,entity,[],[],731,Node
나머지 조항은 유효하다.,event,[],[],732,Node
나머지 조항,entity,[],[],733,Node
권리 포기,entity,[],[],734,Node
권리 미행사,entity,[],[],735,Node
일방이 권리를 행사하지 않는다.,event,[],[],736,Node
그 권리를 포기한 것으로 보지 않는다.,event,[],[],737,Node
권리,entity,[],[],738,Node
일방이 권리를 행사하지 않더라도 그 권리를 포기한 것으로 보지 않는다.,event,[],[],739,Node
당사자 간 완전한 합의,entity,[],[],740,Node
본 계약은 당사자 간 완전한 합의를 구성한다.,event,[],[],741,Node
당사자 간의 모든 합의 내용이 본 계약에 포함된다.,event,[],[],742,Node
본 계약이 당사자 간 완전한 합의를 구성한다.,event,[],[],743,Node
한국어,entity,[],[],744,Node
한국어본,entity,[],[],745,Node
번역본과 불일치 시,entity,[],[],746,Node
본 계약은 한국어로 작성된다.,event,[],[],747,Node
번역본과 불일치 시 한국어본이 우선한다.,event,[],[],748,Node
한국어본이 우선한다.,event,[],[],749,Node
본 계약이 한국어로 작성된다.,event,[],[],750,Node
한국어본이 번역본과 불일치할 경우 한국어본이 우선한다.,event,[],[],751,Node
번역본,entity,[],[],752,Node
부록,entity,[],[],753,Node
별첨,entity,[],[],754,Node
본 계약의 부록과 별첨이 존재한다.,event,[],[],755,Node
부록과 별첨이 계약의 일부를 구성한다.,event,[],[],756,Node
본 계약의 부록과 별첨은 계약의 일부를 구성한다.,event,[],[],757,Node
사본,entity,[],[],758,Node
본 계약은 2부를 작성한다.,event,[],[],759,Node
각 당사자가 1부씩 보관한다.,event,[],[],760,Node
본 계약을 2부 작성한다.,event,[],[],761,Node
각 당사자가 계약서 1부씩을 보관한다.,event,[],[],762,Node
계약서 1부,entity,[],[],763,Node
대리인,entity,[],[],764,Node
각 당사자는 대리인을 선임할 수 있다.,event,[],[],765,Node
각 당사자는 필요시 대리인을 선임할 수 있다.,event,[],[],766,Node
선량한 관리자의 주의의무,entity,[],[],767,Node
양 당사자는 본 계약을 이행한다.,event,[],[],768,Node
양 당사자는 선량한 관리자의 주의의무로 본 계약을 이행한다.,event,[],[],769,Node
양 당사자가 선량한 관리자의 주의의무로 본 계약을 이행한다.,event,[],[],770,Node
불가항력적 사유,entity,[],[],771,Node
불이행,entity,[],[],772,Node
책임,entity,[],[],773,Node
천재지변,entity,[],[],774,Node
천재지변 등 불가항력적 사유가 발생한다.,event,[],[],775,Node
의무를 이행하지 못한다.,event,[],[],776,Node
책임을 면한다.,event,[],[],777,Node
불가항력적 사유로 인한 불이행이 발생한다.,event,[],[],778,Node
천재지변이 불가항력적 사유로 작용한다.,event,[],[],779,Node
불가항력적 사유로 인한 불이행에 대해 책임이 면제된다.,event,[],[],780,Node
어느 일방에게 유리하게,entity,[],[],781,Node
본 계약은 어느 일방에게 유리하게 해석되지 않는다.,event,[],[],782,Node
계약 해석 시 어느 일방에게도 편향되지 않는다.,event,[],[],783,Node
본 계약상 모든 기한이 엄격히 준수된다.,event,[],[],784,Node
시간의 엄수가 이루어진다.,event,[],[],785,Node
모든 기한이 본 계약상에서 엄격히 준수되어야 한다.,event,[],[],786,Node
모든 기한,entity,[],[],787,Node
거래 관련 공동 비용,entity,[],[],788,Node
거래와 관련된 공동 비용이 발생한다.,event,[],[],789,Node
공동 비용을 균등하게 분담한다.,event,[],[],790,Node
거래 관련 공동 비용을 균등 분담한다.,event,[],[],791,Node
거래 당사자,entity,[],[],792,Node
더 유리한 조건,entity,[],[],793,Node
매도인이 제3자에게 더 유리한 조건을 제시한다.,event,[],[],794,Node
매수인에게도 동일한 조건이 적용된다.,event,[],[],795,Node
매수인에게 제3자에게 제시된 더 유리한 조건을 동일하게 적용한다.,event,[],[],796,Node
서명,entity,[],[],797,Node
대표이사,entity,[],[],798,Node
본 계약의 효력 발생을 위해 아래와 같이 서명한다.,event,[],[],799,Node
매도인과 매수인이 계약서에 서명한다.,event,[],[],800,Node
본 계약이 효력을 발생한다.,event,[],[],801,Node
주식회사 알파벤처스의 대표이사가 본 계약에 서명한다.,event,[],[],802,Node
주식회사 알파벤처스 대표이사,entity,[],[],803,Node
주식회사 베타홀딩스의 대표이사가 본 계약에 서명한다.,event,[],[],804,Node
주식회사 베타홀딩스 대표이사,entity,[],[],805,Node
