node,conceptualized_node,node_type
거래종결 후 발견된 부채가 매도인에게 귀속된다.,"채무, 책임, 소유권, 분쟁, 법률",event
매도인이 매수인에게 제3자에게 제시한 더 유리한 조건을 동일하게 적용한다.,"contract adjustment, equal treatment, fairness, negotiation, offer matching",event
서울중앙지방법원을 제1심 관할법원으로 한다.,"jurisdiction, litigation, court assignment, legal process, adjudication",event
모든 손해배상 청구는 손해액 산정 근거 및 관련 증빙을 첨부해야 한다.,"claim, compensation, documentation, evidence, validation",event
양 당사자가 거래종결 후 발생하는 행정적 사항에 대해 상호 협력한다.,"collaboration, administration, cooperation, coordination, compliance",event
"매도인이 대상회사가 발행한 보통주식 10,000,000주를 매수인에게 매도한다.","거래, 주식양도, 계약, 매매, 투자, 소유권이전",event
증빙자료를 첨부한다.,"documentation, verification, submission, proof, record-keeping",event
본 계약이 어느 일방에게 유리하게 해석되지 않는다.,"fairness, neutrality, interpretation, equality, legal principle",event
해당 연구개발 프로젝트가 계속 수행된다.,"continuation, progress, development, research, innovation, persistence",event
매도인은 제공한 모든 정보의 정확성을 위해 최선을 다했음을 확인한다.,"confirmation, verification, assurance, responsibility, disclosure",event
모든 정보는 중요한 측면에서 정확하고 완전하다.,"accuracy, completeness, reliability, verification, information quality",event
분쟁이 발생하지 않았다.,"peace, harmony, stability, coexistence, tranquility",event
양 당사자가 본 계약을 이행한다.,"agreement, fulfillment, transaction, cooperation, obligation",event
각 당사자는 법령상 요구되거나 상대방의 서면 동의가 있는 경우 비밀정보를 공개할 수 있다.,"disclosure, permission, compliance, consent, confidentiality",event
매도인은 3년간 대상회사와 경쟁하는 사업을 영위하지 않는다.,"restriction, non-compete, agreement, prohibition, business ethics",event
고객 관계가 유지된다.,"relationship management, loyalty, retention, trust, engagement",event
양 당사자가 거래 시너지 실현을 위해 상호 협력한다.,"collaboration, partnership, synergy, cooperation, alliance",event
양 당사자가 협의한다.,"negotiation, discussion, agreement, communication, collaboration",event
계약 당사자는 본 계약을 유효하게 체결할 수 있다.,"agreement, authorization, validity, capacity, legality",event
매수인이 매도인에게 서면으로 통지한다.,"notification, communication, transaction, agreement, formality",event
매도인의 거래종결 의무가 발생한다.,"contract formation, obligation, transaction, legal duty, closing",event
매수인이 미지급 매매대금을 가진다.,"withholding, nonpayment, default, negotiation, transaction",event
주요 고객에 대한 통지가 필요하다.,"communication, notification, alert, information sharing, stakeholder management",event
양 당사자가 상호 선의와 신뢰를 바탕으로 성실히 협력한다.,"cooperation, trust, goodwill, collaboration, partnership",event
제4장 거래종결이 언급된다.,"contract, closing, negotiation, agreement, procedure",event
매도인은 매매주식의 적법하고 완전한 소유자이다.,"ownership, legality, transfer, rights, certification",event
"주당 매매가격을 금 일만원(₩10,000)으로 정한다.","transaction, pricing, valuation, agreement, exchange",event
주식 양도가 완료되는 날이 있다.,"transaction, transfer, completion, ownership change, settlement",event
매수인이 실사를 수행한다.,"investigation, examination, verification, assessment, review",event
대상회사는 진행 중인 세무조사가 없다.,"confirmation, disclosure, audit, compliance, transparency",event
매도인의 거래종결 의무가 발생한다,"계약이행, 의무발생, 권리이전, 법률행위, 거래완료",event
거래가 최종적으로 종료된다.,"completion, termination, closure, settlement, finalization",event
본 계약을 대한민국 법률에 따라 해석한다.,"legal interpretation, jurisdiction, contract law, regulation, governance",event
통지에는 하자의 구체적 내용과 예상 손해액이 포함되어야 한다.,"notification, disclosure, communication, legal process, risk management",event
매도인이 매수인이 인지했던 사항에 대해 책임지지 않는다.,"disclaimer, liability, contract, exemption, agreement",event
매도인은 자신이 정보의 정확성을 위해 최선을 다했다는 사실을 확인한다.,"confirmation, verification, assurance, disclosure, responsibility",event
매수인은 대금을 지급한다.,"payment, transaction, fulfillment, obligation, settlement",event
매도인은 거래종결 5영업일 전까지 매매대금 수령 계좌 정보를 통지한다.,"notification, transaction, payment, communication, instruction",event
거래종결이 당사자들이 합의한 날에 이루어진다.,"agreement, fulfillment, completion, settlement, finalization",event
매도인의 손해배상 책임이 발생한다.,"liability, compensation, legal responsibility, dispute, obligation",event
일방이 정당한 사유 없이 거래종결을 거부한다.,"거래거절, 계약불이행, 분쟁, 거절, 법적문제",event
매수인은 본 계약을 이행한다.,"performance, fulfillment, obligation, transaction, agreement",event
데이터룸을 통해 정보가 공개된다.,"disclosure, transparency, sharing, communication, revelation",event
상대방이 계약을 해제한다,"termination, cancellation, dissolution, rescission, negotiation",event
매도인은 대상회사와 경쟁하는 사업을 영위하지 않는다.,"restriction, noncompete, agreement, contract, compliance",event
목표를 달성한다.,"achievement, success, accomplishment, fulfillment, realization",event
실사 과정에서 연간 1억원 이상의 중요 계약이 모두 확인되었다,"due diligence, contract review, verification, financial audit, risk assessment",event
거래 시너지 실현이 이루어진다.,"collaboration, partnership, cooperation, integration, synergy",event
모든 손해배상 청구는 하자의 구체적 내용을 기술한 상세 보고서를 첨부해야 한다.,"documentation, reporting, accountability, compliance, verification",event
대상회사가 기존 브랜드를 계속 사용할 수 있다.,"continuity, permission, branding, authorization, usage rights",event
대상회사는 브랜드를 기존과 다르게 변경할 수 있다.,"rebranding, transformation, modification, adaptation, differentiation",event
매도인의 진술보증이 해당 사항에는 적용되지 않는다.,"disclaimer, exemption, contract limitation, legal provision, warranty exclusion",event
이전의 모든 구두 또는 서면 합의가 대체되었다.,"replacement, agreement, update, negotiation, finalization",event
매도인은 3개월간 재무 정보를 업데이트하여 제공한다.,"information sharing, disclosure, compliance, reporting, transparency",event
거래종결 전에 선언된 배당이 있다.,"distribution, entitlement, allocation, transaction, declaration",event
모든 손해배상 청구는 외부 전문가 의견서를 필요시 첨부한다.,"claim, documentation, verification, assessment, consultation",event
독립된 제3자 전문기관의 검증을 거친다,"verification, evaluation, certification, validation, oversight",event
매수인에게도 동일한 조건이 적용된다.,"agreement, transaction, equality, contract, fairness",event
매도인의 진술보증은 매수인이 실사 과정에서 실제로 인지한 사항에는 적용되지 않는다.,"계약, 진술보증, 제한, 실사, 인지, 예외",event
매도인은 거래종결 시 주주명부를 인도한다.,"contract execution, ownership transfer, documentation, compliance, transaction completion",event
진술과 보증의 기준일이 된다,"contract, verification, confirmation, agreement, legal event, reference date",event
본 계약이 당사자 간 완전한 합의를 구성한다.,"agreement, contract, finalization, confirmation, understanding",event
상대방이 손해배상을 청구한다,"compensation, claim, dispute, litigation, conflict",event
매매대금 조정은 제92조에 정한 바에 따른다.,"contract adjustment, legal compliance, transaction, regulation, agreement",event
통지를 발송한다.,"notification, communication, information sharing, alert, message delivery",event
대상회사는 매수인의 연결 재무제표에 포함된다.,"회계처리, 재무통합, 연결, 보고, 기업결합",event
손해배상 한도는 매매대금의 30%로 제한된다.,"limitation, compensation, liability, restriction, agreement",event
주식 소유권이 이전된다.,"transfer, transaction, ownership, exchange, rights",event
매수인은 14일 이내에 매도인에게 서면으로 통지해야 한다.,"notification, agreement, communication, obligation, deadline",event
대한민국 법률에 따라 해석한다,"legal interpretation, jurisdiction, governance, regulation, authority",event
매도인이 거래와 관련된 양도소득세를 부담한다.,"taxation, obligation, transaction, liability, payment",event
주식매매계약서에 매매 가격이 명시된다.,"contracting, agreement, documentation, pricing, transaction",event
거래종결일은 제51조에 따라 주식 양도가 완료되는 날로 정의된다.,"legal event, contract completion, transaction, share transfer, definition",event
주식매매계약서에 명시된 조건을 이행한다.,"계약이행, 조건충족, 법적절차, 거래완료, 합의",event
각 당사자는 본 계약과 관련하여 취득한 상대방의 비밀정보를 제3자에게 공개하지 않는다.,"confidentiality, secrecy, information protection, nondisclosure, trust",event
하자가 확인되지 않는다,"inspection, verification, confirmation, quality assurance, acceptance",event
본 계약의 수정이나 변경은 서면 합의에 의해서만 가능하다.,"agreement, modification, contract, amendment, documentation",event
모든 손해배상 청구는 하자와 손해 간 인과관계 입증 자료를 첨부한다.,"litigation, evidence, causation, documentation, compensation",event
상대방은 손해배상을 청구할 수 있다.,"compensation, legal claim, dispute, liability, remedy",event
제50조의 사업계획 및 예측이 합리적인 가정에 기초하여 성실하게 작성되었다.,"planning, forecasting, compliance, documentation, diligence",event
매수인이 외부 전문가를 선임한다.,"delegation, consultation, outsourcing, expertise, appointment",event
양 당사자가 거래종결 시 종결 확인서에 서명한다.,"contractual process, legal procedure, agreement, certification, documentation",event
매도인의 진술보증 위반에 대한 하자담보책임이 발생한다.,"liability, breach, warranty, disclosure, obligation, indemnification",event
제공된 대상회사의 재무제표는 중요한 측면에서 정확하다.,"assurance, verification, accuracy, evaluation, certification",event
매수인이 6개월 내에 매도인에게 경영 자문을 요청할 권리를 갖는다.,"consultation, advisory, negotiation, contracting, management, rights",event
대상회사는 진행 중인 세무분쟁이 없다.,"compliance, transparency, stability, assurance, regulation",event
필요한 정부 승인을 취득한다.,"authorization, permission, compliance, legal process, regulation",event
본 계약이 체결된다,"agreement, commitment, authorization, formalization, arrangement",event
대상회사가 주식회사 감마테크로 정해진다.,"designation, selection, decision, appointment, corporate action",event
매수인 주식회사 베타홀딩스의 대표이사가 계약서에 서명한다.,"agreement, authorization, contract signing, transaction, approval, business event",event
매도인은 거래종결 시 주권을 인도한다.,"delivery, transfer, transaction, fulfillment, execution",event
상대방의 사전 서면 동의를 받아야 한다.,"authorization, permission, compliance, consent, agreement",event
매매대금을 전액 현금으로 지급한다.,"payment, transaction, settlement, cash exchange, financial activity",event
거래종결과 동시에 대상회사에 대한 경영권과 통제권이 매수인에게 이전된다.,"ownership transfer, management change, control shift, acquisition, transaction completion",event
대상회사는 모든 세금을 적시에 납부했다.,"compliance, taxation, responsibility, payment, duty",event
대상회사의 모든 중요 자산은 정상적으로 운영되고 있다.,"operation, maintenance, management, asset utilization, oversight",event
대상회사는 적절한 보상한도를 유지하고 있다.,"risk management, compliance, regulation, compensation, assurance",event
"주당 매매가격은 금 일만원(₩10,000)으로 한다.","transaction, pricing, agreement, valuation, exchange",event
대상회사의 모든 중요 문서는 거래종결 후 매수인에게 인도된다.,"document delivery, transfer, transaction, handover, completion",event
실사 과정에서 일부 계약이 공개되었다,"disclosure, transparency, negotiation, revelation, process",event
매도인은 본 계약 체결일 및 거래종결일 현재 다음 사항이 진실하고 정확함을 진술하고 보증한다.,"representation, assurance, declaration, verification, contract, agreement, legal event",event
대한민국 법률이 적용된다.,"jurisdiction, governance, regulation, authority, legality",event
증빙이 불충분한 경우 매도인은 추가 자료를 요구할 수 있다.,"verification, documentation, request, compliance, clarification",event
당사자가 본 계약상 권리의무를 제3자에게 양도하려고 한다.,"assignment, transfer, delegation, authorization, contract",event
제15조의 확인실사에서 발견된 하자는 독립된 제3자 전문기관의 검증을 거친다.,"verification, investigation, validation, certification, compliance",event
매도인은 매매대금 수령 계좌 정보를 통지한다.,"notification, communication, transaction, information exchange, instruction",event
상대방은 계약을 해제할 수 있다.,"termination, cancellation, dissolution, rights, agreement",event
하자가 확인되지 않은 경우 검증 비용은 매수인이 부담한다.,"cost allocation, responsibility, verification, transaction, liability",event
통지는 본 계약에 따라 이루어진다.,"notification, communication, agreement, procedure, formality",event
모든 손해배상 청구는 제3자 검증 보고서를 첨부한다.,"verification, documentation, authentication, compliance, reporting",event
대상회사는 모든 세금을 적시에 신고·납부했다.,"compliance, reporting, taxation, obligation, fulfillment",event
거래종결일이 발생한다.,"completion, finalization, closure, transaction, settlement",event
본 계약의 해석에 대한 분쟁이 있을 경우,"dispute, interpretation, disagreement, legal issue, contract",event
불가항력적 사유로 인한 불이행이 발생한다.,"breach, impossibility, disruption, force majeure, nonperformance",event
매도인은 주요 고객과의 관계가 원만히 유지되도록 적극 협조한다.,"cooperation, relationship maintenance, business support, collaboration, partnership",event
본 계약은 2부를 작성한다.,"agreement, documentation, contract creation, legal process",event
거래종결이 이루어진다.,"완료, 종료, 합의, 성사, 마무리",event
통지는 발송 후 3영업일이 경과하면 도달한 것으로 본다.,"notification, delivery, communication, assumption, legal process",event
대한상사중재원이 검증 기관을 지정한다,"certification, authorization, validation, designation, regulation",event
모든 손해배상 청구는 제63조에 따른 제3자 검증 보고서를 첨부해야 한다.,"compensation, verification, documentation, legal process, compliance",event
본 계약이 매도와 매수에 필요한 제반 사항을 규정한다.,"contract, agreement, regulation, transaction, stipulation",event
"매매주식은 어떠한 담보권, 제한, 부담도 없는 상태로 양도되어야 한다.","transfer, transaction, ownership, freedom, rights",event
상대방에게 통지한다.,"notification, communication, informing, announcement, message",event
거래종결일 기준 운전자본과 목표액의 차이를 정산한다.,"정산, 결제, 평가, 조정, 거래, 분석, 비교",event
시설 이전은 매수인의 책임과 비용으로 진행된다.,"responsibility, transaction, relocation, cost burden, obligation",event
"대상회사를 상대로 하거나 대상회사가 당사자인 중요한 소송, 중재, 행정절차가 없다.","dispute resolution, litigation, legal process, arbitration, administrative action, legal absence",event
실사 과정에서 공개된 것 외에 연간 1억원 이상의 중요 계약은 없다,"disclosure, contract, finance, regulation, transparency",event
"대상회사의 재무상태, 영업, 자산에 중대한 악영향을 미치는 사건이 발생한다.","risk, disruption, loss, crisis, impairment, instability",event
3영업일이 경과한다.,"elapse, waiting, passage, delay, progression",event
기존 공급계약이 동일한 조건으로 유지된다.,"contract renewal, extension, agreement, continuity, maintenance",event
부채가 매도인에게 귀속된다.,"assignment, liability, obligation, transfer, ownership",event
일방이 권리를 행사하지 않더라도 그 권리를 포기한 것으로 보지 않는다.,"권리유지, 권리보호, 법적해석, 권리존속, 법원칙",event
"""거래종결일""이 성립한다.","agreement, completion, confirmation, validation, settlement",event
매도인의 손해배상 책임 한도가 매매대금의 30%로 제한된다.,"limitation, liability, compensation, restriction, transaction",event
주식매매계약서가 작성된다.,"contracting, agreement, transaction, documentation, negotiation",event
합리적인 가정에 기초한다,"inference, reasoning, assumption, logic, deduction",event
양 당사자가 본 계약을 선량한 관리자의 주의의무로 이행한다.,"obligation, diligence, contract, responsibility, management",event
매도인의 진술보증이 중요한 측면에서 정확하다.,"representation, verification, accuracy, assurance, disclosure",event
감사보고서를 해당 감사가 작성한다.,"reporting, documentation, verification, auditing, compliance",event
본 계약이 체결된다.,"agreement, commitment, transaction, formalization, arrangement",event
매도인은 거래종결 시 이사회 결의서를 인도한다.,"contract fulfillment, legal procedure, documentation, corporate governance, transaction completion",event
양 당사자는 선관주의의무를 부담한다.,"legal obligation, duty, responsibility, contract, diligence",event
각 당사자는 본 거래와 관련하여 발생한 자신의 비용을 부담한다.,"cost allocation, responsibility, expense management, transaction, self-payment",event
대상회사는 모든 중요한 계약을 위반한 사실이 없다.,"compliance, legality, contract, assurance, integrity",event
매수인이 필요시 외부 전문가를 선임한다.,"consultation, delegation, outsourcing, expertise, decision-making",event
계약 당사자는 본 계약의 체결을 위해 필요한 권한을 보유한다.,"authorization, agreement, empowerment, validation, legal capacity",event
매수인이 취득세를 부담한다.,"taxation, obligation, payment, transaction, responsibility",event
본 계약에 정한 절차에 따라야 한다.,"procedure, compliance, regulation, agreement, obligation",event
양도소득세가 발생한다.,"taxation, capital gains, transaction, liability, financial event",event
각 당사자는 필요시 대리인을 선임할 수 있다.,"representation, authorization, delegation, appointment, legal action",event
매도인이 그 사항에 대해 책임지지 않는다.,"disclaimer, exemption, limitation, exclusion, liability",event
부록과 별첨이 계약의 일부를 구성한다.,"contractual agreement, documentation, incorporation, legal integration, annexation",event
재무제표에 기재된 것 외에 대상회사의 중요한 부채나 우발채무는 없다.,"disclosure, assurance, verification, liability, transparency",event
양 당사자는 종결 확인서에 서명한다.,"agreement, confirmation, closure, documentation, validation",event
매수인이 실사 과정에서 실제로 인지한 사항이 있다.,"discovery, awareness, recognition, investigation, examination",event
해당 배당은 매도인에게 귀속된다.,"allocation, entitlement, assignment, ownership, distribution",event
양 당사자는 상호 협력한다.,"collaboration, partnership, cooperation, agreement, alliance",event
하자담보책임의 청구를 한다.,"legal action, liability, warranty, dispute, compensation",event
본 계약은 대한민국 법률에 따라 규율된다.,"legal regulation, jurisdiction, governance, compliance",event
시설 이전을 매수인의 책임과 비용으로 진행한다,"transfer, relocation, obligation, responsibility, transaction",event
매도인이 본 계약 체결일 및 거래종결일 현재 다음 사항이 진실하고 정확함을 진술하고 보증한다.,"진술, 보증, 약정, 계약, 확약",event
거래종결 전 선언되었으나 미지급된 배당이 있다.,"distribution, payment, entitlement, financial event, allocation",event
매수인이 비용을 부담한다,"payment, obligation, responsibility, transaction, cost-sharing",event
거래종결 후 발견된 자산이 매수인에게 귀속된다.,"ownership, asset transfer, entitlement, acquisition, property rights",event
대상회사에 대한 경영권과 통제권이 매수인에게 이전된다.,"ownership transfer, acquisition, control change, authority shift, business transaction",event
매수인은 매도인이 지정한 계좌로 매매대금을 송금한다.,"transfer, payment, transaction, remittance, fulfillment",event
"대상회사가 당사자인 중요한 소송, 중재, 행정절차가 없다.","litigation, arbitration, legal process, dispute, regulation, compliance",event
매수인이 감사를 선임한다.,"appointment, selection, governance, oversight, supervision",event
양 당사자가 거래종결 시 종결 확인서를 작성한다.,"agreement, documentation, confirmation, closure, certification",event
대상회사는 사업 운영에 필요한 모든 지적재산권을 적법하게 사용할 권리를 가진다.,"authorization, licensing, compliance, intellectual property, legal rights",event
외부 전문가가 실사를 수행한다.,"inspection, evaluation, assessment, verification, auditing",event
모든 기한은 엄격히 준수되어야 한다,"compliance, regulation, enforcement, discipline, punctuality",event
일방이 권리를 행사하지 않는다.,"forbearance, waiver, omission, inaction, restraint",event
본 계약이 체결되었다.,"agreement, commitment, transaction, authorization, legal action",event
매수인이 확정된 손해배상액을 가진다.,"compensation, liability, indemnification, settlement, legal responsibility",event
대한민국의 은행이 정상 영업하는 날이 있다.,"business, operation, transaction, service, finance",event
매수인이 인지하고 있던 사항이나 공개된 위험이 있다.,"awareness, disclosure, risk, knowledge, information",event
매수인은 거래종결일에 매매대금을 전액 현금으로 지급한다.,"payment, transaction, settlement, completion, obligation",event
당사자들은 필요시 대한상사중재원의 중재에 따른다.,"arbitration, dispute resolution, agreement, legal process, mediation",event
대상회사가 매수인의 연결 재무제표에 포함된다.,"consolidation, acquisition, integration, absorption, financial reporting",event
본 계약의 효력이 발생한다.,"activation, commencement, enforcement, agreement, initiation",event
목표 달성 시 추가 대가 지급 등의 조정이 없다.,"compensation, agreement, incentive, adjustment, reward",event
주식회사 베타홀딩스의 대표이사가 본 계약서에 서명한다.,"authorization, agreement, execution, commitment, endorsement",event
"확인실사는 회계, 법무, 세무, 영업 전 분야를 포함한다.","inspection, verification, auditing, evaluation, assessment",event
일방이 정당한 사유 없이 거래종결을 거부한다,"contract breach, refusal, transaction, dispute, termination",event
모든 손해배상 청구는 필요시 외부 전문가 의견서를 첨부해야 한다.,"claim, documentation, legal process, expert opinion, verification, compliance",event
청구는 효력이 없다.,"invalidation, rejection, nullification, legal decision",event
통지 기한을 도과한 청구를 한다.,"late filing, deadline extension, claim submission, time lapse, procedural issue",event
주식회사 감마테크가 계약의 대상회사가 된다.,"contracting, business transaction, partnership, agreement, corporate action",event
매도인은 주식을 이전한다.,"transfer, transaction, exchange, ownership change, agreement",event
배당이 거래종결 전에 선언된다.,"announcement, distribution, corporate action, finance, transaction",event
매수인의 거래종결 의무가 발생한다.,"contract formation, obligation, transaction, legal duty, execution",event
매수인이 추가 실사를 요청한다.,"due diligence, verification, negotiation, assessment, request",event
"계약 당사자가 매도인, 매수인, 대상회사로 결정된다.","계약, 결정, 지정, 역할분담, 거래, 협상",event
거래종결이 본 계약 체결일로부터 30일 이내에 이루어진다.,"contracting, agreement, deadline, closing, transaction",event
"매수인이 매도인으로부터 보통주식 10,000,000주를 매수한다.","transaction, investment, acquisition, equity transfer, stock purchase, ownership change",event
각 당사자가 본 거래와 관련하여 발생한 자신의 비용을 부담한다.,"cost allocation, responsibility, expense sharing, self-payment, financial obligation",event
대상회사는 기존 브랜드를 계속 사용할 수 있다.,"brand continuity, permission, business agreement, brand autonomy, operational freedom",event
매수인의 진술보증이 정확하다.,"assurance, verification, compliance, accuracy, validation",event
모든 진술과 보증은 본 계약 체결일과 거래종결일을 기준으로 한다.,"agreement, representation, warranty, contract, transaction, execution",event
매수인이 지명한 자를 대상회사의 이사로 선임한다.,"appointment, selection, designation, governance, management",event
해당 배당이 미지급 상태이다.,"nonpayment, delay, withholding, financial issue, unresolved",event
실사가 수행된다.,"verification, inspection, evaluation, assessment, confirmation",event
상대방의 사전 서면 동의 없이 본 계약상 권리의무를 제3자에게 양도한다.,"assignment, transfer, authorization, delegation, consent, obligation",event
진행 중인 세무조사나 분쟁이 없다.,"compliance, stability, resolution, peace, order",event
매도인이 지정한 계좌로 송금한다.,"remittance, transaction, payment, transfer, settlement",event
모든 재무 정보는 일관된 회계 기준에 따라 작성되었다.,"standardization, consistency, compliance, regulation, accounting, reporting",event
매수인은 매매대금을 지급할 수 있다.,"payment, transaction, obligation, contract, fulfillment",event
실사 과정에서 하자나 문제점이 발견된다.,"inspection, discovery, error detection, issue identification, quality control",event
거래종결 전제조건은 각 당사자가 포기 의사를 표시하는 즉시 효력을 잃는다.,"계약, 조건, 무효, 의사표시, 효력",event
매수인은 본 계약을 체결한다.,"agreement, transaction, commitment, contract formation, legal act",event
영업일은 대한민국의 은행이 정상 영업하는 날로 정의된다.,"definition, regulation, business, operation, policy",event
매수인이 경영 자문을 요청한다.,"consultation, advisory, guidance, business strategy, decision-making",event
거래종결일이 도래한다.,"contract expiration, deadline, completion, finalization, closure",event
책임을 면한다.,"avoidance, exemption, relief, release, liberation",event
양 당사자가 성실히 협력한다.,"collaboration, cooperation, partnership, mutual support, teamwork",event
지속된다,"continuation, persistence, duration, endurance, maintenance",event
분쟁이 해결될 수 있다.,"resolution, reconciliation, agreement, negotiation, peace",event
거래 관련 공동 비용이 발생한다.,"cost sharing, expense, collaboration, cooperation, transaction",event
"""중요한 부정적 변동""이 성립한다.","change, downturn, event, transformation, impact",event
계약이 성립한다.,"agreement, acceptance, commitment, negotiation, partnership, consensus",event
계약일자가 2025년 1월 1일로 정해진다.,"agreement, scheduling, arrangement, contract, decision",event
30일 이내 또는 당사자들이 합의한 날에 거래종결이 이루어진다.,"agreement, transaction, settlement, negotiation, timing",event
매수인의 진술보증이 정확하다,"확인, 신뢰, 진술, 보증, 계약",event
매수인이 해당 주식을 매수한다.,"transaction, investment, acquisition, exchange, purchase",event
대상회사는 개인정보보호법 등 데이터 보호 관련 법규를 완전히 준수한다.,"compliance, regulation, data protection, privacy, responsibility",event
계약 해석 시 어느 일방에게도 유리한 해석이 적용되지 않는다.,"공정성, 중립성, 해석 원칙, 형평성, 법적 해석",event
모든 기한을 엄격히 준수한다,"punctuality, discipline, responsibility, diligence, time management",event
매수인이 이를 매수한다.,"transaction, acquisition, exchange, purchase, agreement",event
행정적 사항이 발생한다.,"management, administration, procedure, regulation, processing",event
매도인이 양도소득세를 부담한다.,"taxation, liability, payment, obligation, transfer",event
"누군가 대상회사를 상대로 중요한 소송, 중재, 행정절차를 제기하지 않았다.","non-action, omission, legal abstention, dispute avoidance, decision-making",event
지급은 매도인이 지정한 계좌로 송금하는 방식으로 한다.,"payment, remittance, transaction, transfer, settlement",event
자산이 거래종결 후에 발견된다.,"discovery, transaction, asset identification, post-closing event, realization",event
비용이 발생한다,"payment, expenditure, transaction, consumption, spending",event
부채가 거래종결 후에 발견된다.,"discovery, post-transaction, liability, obligation, financial event",event
매수인은 확정된 손해배상액을 미지급 매매대금과 상계할 수 있다.,"compensation, offsetting, settlement, deduction, legal remedy",event
그 권리를 포기한 것으로 보지 않는다.,"waiver, renunciation, retention, rights, decision",event
"중요한 부정적 변동은 대상회사의 재무상태, 영업, 자산에 중대한 악영향을 미치는 사건으로 정의된다.","adverse event, financial impact, business disruption, asset impairment, negative change",event
대상회사는 노동 관련 법규를 준수한다.,"compliance, regulation, legal adherence, labor rights, governance",event
본 계약이 한국어로 작성된다.,"agreement, language selection, documentation, formalization",event
감사보고서를 작성한다.,"reporting, documentation, auditing, evaluation, assessment",event
거래가 발생한다.,"exchange, transaction, commerce, negotiation, agreement",event
하자가 확인된다,"discovery, inspection, verification, detection, assessment",event
재무 정보가 비교 가능하고 신뢰성을 가진다.,"정보 신뢰, 정보 투명성, 기준 준수, 데이터 품질, 정보 일관성",event
대상회사는 경영의 독립성을 유지한다.,"governance, autonomy, independence, management, control",event
"운전자본, 순부채 등의 변동이 발생한다.","financial change, capital adjustment, debt management, asset fluctuation, investment event",event
등기 절차가 필요한 경우가 발생한다.,"registration, legal process, documentation, validation, authorization",event
양 당사자가 선량한 관리자의 주의의무로 계약을 이행한다.,"contractual obligation, diligence, compliance, responsibility, legal duty",event
손해배상 청구를 한다.,"legal action, compensation, dispute, litigation, claim",event
매수인이 확인실사를 수행한다.,"investigation, verification, assessment, diligence, evaluation",event
대상회사는 계약 상대방으로부터 위반 통지를 받은 바 없다.,"notification, communication, contract, compliance, legal event",event
양 당사자가 계약의 이행에 있어 협력한다.,"collaboration, cooperation, agreement, partnership, fulfillment",event
매수인이 실사를 수행할 수 있다.,"investigation, verification, assessment, evaluation, examination",event
상대방은 계약을 해지하거나 손해배상을 청구할 수 있다.,"termination, compensation, dispute, enforcement, claim",event
제공된 대상회사의 재무제표는 한국채택국제회계기준에 따라 작성되었다.,"accounting, financial reporting, compliance, standardization, regulation",event
매수인은 거래종결 전 언제든지 추가 실사를 요청할 수 있다.,"due diligence, request, verification, investigation, negotiation",event
대상회사가 보유한 모든 라이선스와 허가가 유효하게 유지되어야 한다.,"regulatory compliance, license management, authorization, legal maintenance, permit validity",event
매도인이 공개된 위험에 대해 책임지지 않는다.,"risk allocation, liability exclusion, responsibility limitation, contract terms, legal protection",event
하자담보책임의 청구는 본 계약에 정한 절차에 따라야 한다.,"dispute resolution, legal procedure, contract compliance, warranty claim, obligation",event
매수인이 본 계약을 체결한다.,"agreement, transaction, commitment, negotiation, contract formation",event
거래종결일로부터 60일간 하자담보책임이 유효하다.,"guarantee, liability, contract, warranty, period",event
천재지변 등 불가항력적 사유가 발생한다.,"disaster, force majeure, unpredictability, crisis, emergency",event
매수인이 매도인에게 경영 자문을 요청할 수 있다.,"consultation, negotiation, advisory, governance, transaction, agreement",event
제6장 일반조항이 존재한다.,"provision, regulation, governance, establishment, stipulation",event
공급계약은 동일한 조건으로 유지된다.,"agreement, continuity, maintenance, stability, contract",event
대상회사의 핵심 임직원이 근무를 유지하도록 최선의 노력을 다한다,"retention, commitment, management, motivation, responsibility",event
목표액과 차이를 정산한다.,"settlement, calculation, reconciliation, adjustment, evaluation",event
각 당사자가 1부씩 보관한다.,"distribution, agreement, recordkeeping, documentation, allocation",event
매도인의 진술보증 위반에 대한 하자담보책임은 거래종결일로부터 60일간 유효하다.,"liability, warranty, contract, transaction, duration, limitation",event
첫 회계연도가 시작된다.,"commencement, initiation, accounting, business cycle, operation, launch",event
대상회사의 핵심 임직원이 최소 1년간 근무를 유지하도록 최선의 노력을 다한다,"commitment, retention, obligation, employment, continuity, assurance",event
계약 당사자들은 주식매매계약서를 작성한다.,"agreement, documentation, negotiation, transaction, formalization",event
검증 절차가 30영업일까지 연장될 수 있다,"delay, extension, verification, procedure, review, waiting",event
통지가 도달한 것으로 본다.,"notification, communication, delivery, receipt, acknowledgment",event
본 계약은 한국어로 작성된다.,"agreement, documentation, language selection, formalization, communication",event
양 당사자가 본 계약의 수정이나 변경에 합의한다.,"agreement, negotiation, modification, amendment, consent",event
기존 공급계약이 존재한다.,"agreement, contract, arrangement, business relationship, obligation",event
향후 규제 변경에 따른 비용을 부담한다.,"regulation, compliance, cost, adjustment, adaptation",event
즉시 상대방에게 통지한다.,"communication, notification, reporting, informing, alerting",event
본 계약상 시간의 엄수 조항이 성립한다,"agreement, obligation, punctuality, enforcement, compliance",event
본 계약은 대한민국 법률에 따라 규율되고 해석된다.,"legal interpretation, jurisdiction, regulation, governance, contract law",event
필요시 대한상사중재원의 중재에 따른다.,"arbitration, dispute resolution, mediation, agreement, legal process",event
매수인은 거래종결일로부터 30영업일 이내에 대상회사에 대한 확인실사를 수행할 수 있다.,"due diligence, verification, inspection, transaction, evaluation",event
매수인이 어떤 사항을 인지한다.,"awareness, realization, recognition, understanding, perception",event
시설 이전을 진행한다,"relocation, transition, movement, reorganization, change",event
매수인이 본 계약을 이행할 완전한 권한과 능력을 보유한다.,"authorization, qualification, capability, compliance, legal capacity",event
본 계약상 모든 기한이 엄격히 준수되어야 한다.,"compliance, obligation, punctuality, enforcement, contract law",event
매수인이 하자를 발견한다.,"discovery, inspection, defect identification, quality control, evaluation",event
의무를 이행하지 못한다.,"failure, neglect, omission, irresponsibility, default",event
매도인은 재무 정보를 업데이트한다.,"보고, 관리, 기록, 공유, 업데이트",event
매도인은 처분권한을 가진다.,"authorization, ownership, control, authority, rights",event
각 당사자에게 진술보증 사항에 중요한 변경이 발생한다.,"notification, disclosure, change, update, communication",event
청구를 서면으로 작성한다.,"documentation, application, request, form submission, paperwork",event
소유권 관련 사항에 대한 하자담보책임은 무기한 유효하다.,"guarantee, liability, ownership, responsibility, legal obligation",event
매수인이 검증 비용을 부담한다,"payment, responsibility, verification, transaction, obligation",event
손해배상 청구는 증빙자료를 첨부하여 서면으로 해야 한다.,"legal procedure, documentation, verification, claim submission, evidence",event
"매도인이 보유한 대상회사 발행 보통주식 10,000,000주를 매도한다.","stock sale, transaction, transfer, ownership change, divestment, equity exchange",event
법령상 요구되거나 상대방의 서면 동의가 있는 경우가 있다.,"permission, compliance, agreement, authorization, consent",event
매수인은 매매대금 지급에 필요한 충분한 자금을 확보했음을 확인한다.,"verification, confirmation, transaction, funding, assurance",event
매수인이 거래와 관련된 취득세를 부담한다.,"taxation, transaction, obligation, payment, liability",event
당사자들은 본 계약 이외의 추가적인 합의가 존재하지 않는다.,"agreement, contract, exclusivity, finality, legal assurance",event
실사 과정에서 일부 계약이 공개되었다.,"disclosure, transparency, information sharing, revelation, process",event
본 계약은 이전의 모든 구두 또는 서면 합의를 대체한다.,"agreement, replacement, supersession, contract, legal arrangement",event
"매매주식의 총 매매가격은 금 일천억원(₩100,000,000,000)으로 한다.","transaction, agreement, valuation, contract, finance",event
적절한 보상한도를 유지하고 있다.,"limitation, regulation, management, control, adjustment",event
주식 매매 거래가 이루어진다.,"investment, trading, transaction, finance, exchange",event
매도인은 3개월간 원활한 경영권 이전을 위해 지원한다.,"transition, support, collaboration, management, assistance",event
대상회사는 전 직원에게 경영권 변경을 통지한다.,"notification, announcement, communication, transition, disclosure, management change",event
검증 기관은 양 당사자가 합의하여 선정한다.,"agreement, selection, verification, negotiation, collaboration",event
계약 당사자들이 협상을 통해 가격에 합의한다.,"agreement, negotiation, compromise, consensus, deal-making",event
대상회사는 재무제표를 한국채택국제회계기준에 따라 작성하였다.,"accounting, reporting, compliance, standardization, documentation",event
대상회사는 모든 세금을 적시에 신고했다.,"compliance, reporting, regulation, responsibility, transparency",event
당사자는 자신의 권한을 대리인을 통해 행사할 수 있다.,"representation, delegation, agency, authorization, proxy",event
모든 손해배상 청구는 하자의 구체적 내용을 기술한 상세 보고서를 첨부한다.,"compensation, documentation, reporting, claim, procedure",event
"매매주식은 담보권, 제한, 부담이 없는 상태로 양도되어야 한다.","transfer, transaction, ownership, legal requirement, freedom from encumbrance, security rights",event
매도인은 거래종결일까지 대상회사를 통상의 영업과정에 따라 운영한다.,"business operation, management, transaction, continuity, obligation",event
분쟁이 발생하면 서울중앙지방법원이 제1심 관할법원이 된다.,"judicial process, dispute resolution, jurisdiction, litigation, court proceedings",event
본 계약 체결일 및 거래종결일이 도래한다.,"agreement, fulfillment, transaction, completion, milestone",event
대상회사의 사회공헌 활동,"philanthropy, giving, volunteering, community support, corporate responsibility",event
소유권 관련 사항에 대한 하자담보책임이 발생한다.,"legal liability, contract obligation, property issue, dispute, compensation",event
증빙이 불충분한 경우,"insufficiency, rejection, incompleteness, error, verification",event
거래와 관련하여 각 당사자에게 비용이 발생한다.,"exchange, transaction, cost, expense, obligation, financial impact",event
대상회사의 핵심 임직원은 거래종결 후 최소 1년간 근무를 유지하도록 최선의 노력을 다한다.,"commitment, retention, employment, obligation, continuity",event
매도인은 매매주식의 처분권한을 가진다.,"ownership, authority, control, rights, transaction",event
모든 통지는 등기우편 또는 이메일로 한다.,"notification, communication, delivery, correspondence, documentation",event
매매대금은 거래종결일에 전액 현금으로 지급한다.,"payment, transaction, settlement, cash transfer, fulfillment",event
거래종결이 서울특별시 강남구 소재 매도인의 사무실에서 이루어진다.,"contract signing, agreement, transaction, negotiation, closing",event
중요한 부정적 변동이 없다.,"stability, consistency, equilibrium, status quo",event
대상회사가 사업을 영위한다.,"operation, management, business, activity, enterprise",event
천재지변 등 불가항력적 사유로 인한 불이행에 대해 책임이 면제된다.,"force majeure, exemption, liability, impossibility, disaster, contract law",event
매도인은 매수인이 요청한 대상회사 관련 정보를 신속히 제공한다.,"information exchange, cooperation, compliance, communication, transaction",event
본 계약은 당사자 간 완전한 합의를 구성한다.,"agreement, contract, consensus, commitment, documentation",event
매수인이 대상회사의 독립적 경영을 보장한다.,"guarantee, assurance, management, independence, protection, agreement",event
대상회사가 사용하는 모든 부동산의 임대차계약은 유효하다.,"contract, validation, legality, agreement, real estate, authorization",event
번역본과 불일치 시 한국어본이 우선한다.,"translation, prioritization, language preference, interpretation, discrepancy",event
매수인은 매매대금을 지급한다.,"payment, transaction, fulfillment, obligation, exchange",event
비밀정보를 제3자에게 공개할 수 있다.,"disclosure, information sharing, communication, exposure, risk",event
거래종결 후 60일 내에 거래종결일 기준 운전자본을 확정한다.,"계약이행, 정산, 확정, 평가, 검토",event
주요 고객에 대한 통지가 진행된다.,"communication, notification, announcement, information sharing, client interaction",event
"운전자본, 순부채 등의 변동에 따라 매매대금을 조정한다.","adjustment, negotiation, settlement, calculation, transaction",event
대상회사는 노동조합과의 단체협약을 위반한 바 없다.,"agreement, compliance, negotiation, labor relations, contract",event
"매매주식의 총 매매가격을 금 일천억원(₩100,000,000,000)으로 정한다.","transaction, valuation, agreement, finance, contract",event
대상회사의 중요한 부채나 우발채무가 재무제표에 기재된 것 외에 없다.,"disclosure, verification, assurance, compliance, transparency",event
매매대금이 준비된다,"payment, transaction, preparation, financing, arrangement",event
대상회사는 사회공헌 활동을 지속한다.,"philanthropy, community service, corporate responsibility, social impact, giving",event
매도인은 제공한 모든 정보의 정확성을 위해 최선을 다했다.,"disclosure, assurance, verification, diligence, responsibility",event
제1장 총칙이 제시된다.,"introduction, establishment, declaration, formulation, initiation",event
매수인이 거래종결 후 6개월 내에 매도인에게 경영 자문을 요청할 수 있다.,"consultation, advisory, management support, post-transaction service, business guidance",event
거래가 종결된다.,"completion, closure, agreement, resolution, settlement",event
본 계약의 일부 조항이 무효가 된다.,"invalidation, contract law, legal dispute, unenforceability, amendment",event
복잡한 사안의 경우 검증 절차가 30영업일까지 연장될 수 있다.,"extension, verification, delay, procedure, evaluation",event
모든 진술과 보증은 본 계약 체결일과 거래종결일을 기준으로 한다,"contract, agreement, representation, warranty, transaction, legal assurance",event
기존 공급계약은 동일한 조건으로 유지된다.,"contract renewal, agreement, continuity, business relationship, stability",event
거래종결 전에 선언되었으나 아직 지급되지 않은 배당이 매도인에게 귀속된다.,"배당귀속, 권리이전, 미지급이익, 거래완료, 소유권",event
주식회사 알파벤처스와 주식회사 베타홀딩스가 2025년 1월 1일에 계약을 체결한다.,"agreement, partnership, negotiation, collaboration, business transaction",event
합의가 없을 경우 대한상사중재원이 검증 기관을 지정한다.,"arbitration, mediation, delegation, verification, appointment",event
매수인은 대상회사의 독립적 경영을 보장한다.,"contract, agreement, assurance, independence, management, governance",event
데이터가 보호된다.,"security, privacy, protection, safeguarding, confidentiality",event
대상회사가 사용하는 모든 부동산의 임대차계약은 정상적이다.,"contract, legality, compliance, verification, transaction",event
이전에 구두 또는 서면 합의가 있었다.,"agreement, negotiation, consent, arrangement, commitment",event
공동 비용을 균등 분담한다.,"cost sharing, equality, cooperation, fairness, distribution",event
자산 또는 부채가 추가로 발견된다.,"discovery, adjustment, accounting event, recognition, financial change",event
추가 대가 지급 등의 조정은 없다.,"negotiation, settlement, agreement, decision, finalization",event
"사업과 관련된 모든 법령, 규정이 존재한다.","regulation, governance, compliance, oversight, administration",event
대상회사가 법규를 위반하지 않는다.,"compliance, legality, conformity, regulation, adherence",event
거래가 종결된다,"agreement, completion, settlement, closure, finalization",event
모든 손해배상 청구는 하자와 손해 간 인과관계 입증 자료를 첨부해야 한다.,"legal procedure, evidence submission, causation, documentation, liability",event
양 당사자가 검증 기관 선정에 합의하지 못한다,"disagreement, negotiation, conflict, impasse, decision-making",event
환경 관련 소송이나 분쟁이 없다.,"harmony, stability, compliance, peace, sustainability",event
매도인은 요청한 정보를 신속히 제공한다.,"information provision, cooperation, compliance, responsiveness, communication",event
계약의 당사자는 상대방의 사전 서면 동의 없이 본 계약상 권리의무를 제3자에게 양도할 수 없다.,"agreement, restriction, assignment, obligation, consent, transfer",event
규제가 변경된다,"policy change, adjustment, regulation, governance, reform",event
매도인은 거래종결 후 3개월간 원활한 경영권 이전을 위해 지원한다.,"transition, support, cooperation, management, assistance, succession",event
매수인은 손해배상액을 미지급 매매대금과 상계할 수 있다.,"compensation, offsetting, settlement, legal remedy, financial claim",event
매도인은 기존 분쟁 해결을 위해 필요한 정보를 제공한다.,"information sharing, cooperation, dispute resolution, communication, assistance",event
대상회사는 모든 환경 관련 법규를 준수하고 있다.,"compliance, regulation, adherence, responsibility, governance",event
달리 명시되지 않는다,"uncertainty, ambiguity, exception, clarification, specification",event
진행 중인 연구개발 프로젝트가 있다.,"innovation, progress, experimentation, collaboration, advancement",event
매수인은 본 계약을 체결하고 이행할 완전한 권한과 능력을 보유한다.,"agreement, authorization, fulfillment, commitment, legal capacity",event
사업계획 및 예측을 성실하게 작성한다,"planning, forecasting, diligence, preparation, analysis",event
시설 이전이 필요하다,"relocation, transition, reorganization, adjustment, logistics",event
대상회사는 사업 운영에 필요한 모든 지적재산권을 사용할 권리를 가진다.,"authorization, licensing, rights acquisition, permission, legal access",event
본 계약의 일부 조항이 무효이다.,"invalidity, nullification, contract law, unenforceability, legal issue",event
계약 위반이 발생한다.,"dispute, noncompliance, breach, conflict, violation",event
서울특별시 강남구 소재 매도인의 사무실에 있다.,"location, transaction, business, office, property, address",event
본 계약을 수정하거나 변경한다,"modification, amendment, alteration, update, negotiation",event
매매대금이 준비된다.,"payment, transaction, preparation, financing, arrangement",event
계약 당사자는 본 계약의 체결 및 이행에 있어 제3자의 동의나 승인이 필요하지 않다.,"autonomy, independence, authorization, approval, consent",event
공개된 모든 정보가 중요한 측면에서 정확하고 완전하다.,"verification, accuracy, completeness, disclosure, transparency",event
매매대금 조정이 이루어진다.,"negotiation, adjustment, transaction, settlement, agreement",event
매도인은 매수인의 추가 실사 요청에 성실히 협조해야 한다.,"cooperation, obligation, verification, compliance, diligence",event
본 계약의 부록과 별첨이 계약의 일부를 구성한다.,"agreement, documentation, inclusion, annexation, legal structure",event
매수인은 하자를 발견한 날로부터 14일 이내에 매도인에게 서면으로 통지해야 한다.,"notification, obligation, contract, deadline, communication",event
거래 관련 공동 비용을 균등 분담한다.,"cost sharing, cooperation, equity, partnership, fairness",event
매도인은 재무 정보를 월별로 업데이트하여 제공한다.,"reporting, information sharing, communication, disclosure, updating",event
양 당사자는 관련 등기 절차에 협력한다.,"cooperation, agreement, legal process, registration, compliance",event
"매도인은 거래종결 시 주권, 주주명부, 이사회 결의서 등 필요 서류를 인도한다.","document delivery, transaction completion, legal compliance, transfer, authorization",event
"매매주식은 담보권, 제한, 부담이 없는 상태가 된다.","transfer, clearance, release, ownership, transaction",event
취득세가 발생한다.,"taxation, acquisition, obligation, payment, transaction",event
양 당사자가 서면으로 합의한다,"agreement, contract, negotiation, documentation, consensus",event
각 당사자는 진술보증 사항에 중요한 변경이 발생할 경우 즉시 상대방에게 통지한다.,"notification, disclosure, obligation, communication, agreement",event
매수인이 대상회사 관련 정보를 합리적으로 요청한다.,"information request, due diligence, inquiry, negotiation, disclosure",event
매도인이 주식회사 알파벤처스로 지정된다.,"designation, assignment, authorization, transaction, delegation",event
주식회사 알파벤처스의 대표이사가 본 계약서에 서명한다.,"contract signing, authorization, agreement, business transaction, decision-making",event
대상회사가 개인정보보호법 등 데이터 보호 관련 법규를 준수한다.,"compliance, regulation, data protection, privacy, legal adherence",event
매도인이 제3자에게 더 유리한 조건을 제시한다.,"negotiation, competition, offer, bargaining, preference",event
본 계약과 관련된 분쟁이 발생한다.,"dispute, conflict, disagreement, legal issue, resolution",event
대상회사는 주주명부에 매수인을 기재한다.,"registration, recordkeeping, documentation, transaction, ownership transfer",event
통지에는 하자의 구체적 내용과 예상 손해액이 포함된다.,"notification, disclosure, communication, damage assessment, legal process",event
매매조건이 제2장에 규정된다.,"agreement, regulation, stipulation, contract, provision",event
제3장 진술 및 보증이 시작된다.,"contract, declaration, representation, assurance, legal process",event
연간 1억원 이상의 중요 계약이 존재하지 않는다.,"absence, nonexistence, contract, limitation, restriction",event
제5장 거래종결 후 사항이 언급된다.,"contract, completion, aftermath, discussion, documentation",event
양 당사자가 선량한 관리자의 주의의무로 본 계약을 이행한다.,"contract performance, duty of care, obligation, management, responsibility",event
매수인이 본 계약을 이행한다.,"agreement, fulfillment, transaction, performance, obligation",event
대상회사가 보유한 모든 라이선스와 허가가 거래종결 후에도 유효하게 유지된다.,"compliance, continuity, validation, authorization, regulation",event
법령상 요구되거나 상대방의 서면 동의가 있는 경우는 예외로 한다.,"exception, legal requirement, consent, regulation, authorization",event
계약 상대방으로부터 위반 통지를 받은 바 없다.,"notification, compliance, breach, communication, agreement",event
대상회사의 모든 중요 자산은 양호한 상태로 유지되고 있다.,"maintenance, preservation, management, supervision, monitoring",event
"대상회사가 사업과 관련된 모든 법령, 규정을 중요한 측면에서 준수하고 있다.","compliance, regulation, oversight, governance, conformity",event
시설 이전은 필요시 진행된다.,"relocation, transfer, adjustment, transition, management",event
매도인은 추가 자료를 요구할 수 있다.,"request, negotiation, documentation, permission, transaction",event
본 계약의 해석에 대한 분쟁이 발생한다.,"dispute, interpretation, disagreement, conflict, legal issue",event
대상회사는 사업 운영에 필요한 모든 지적재산권을 적법하게 보유한다.,"ownership, compliance, licensing, authorization, intellectual property, legal rights",event
양 당사자가 상호 선의와 신뢰를 바탕으로 한다.,"agreement, cooperation, trust, goodwill, relationship, partnership",event
조세 관련 사항에 대한 하자담보책임이 발생한다.,"liability, obligation, taxation, warranty, compliance",event
거래종결 후 첫 회계연도의 감사보고서를 매수인이 선임한 감사인이 작성한다.,"auditing, financial reporting, post-transaction, appointment, oversight",event
대상회사는 거래종결 후 즉시 전 직원에게 경영권 변경을 통지한다.,"notification, communication, disclosure, management change, information sharing",event
실사 과정에서 발견된 하자나 문제점은 문서화되어야 한다.,"문서화, 기록, 문제관리, 보고, 유지관리",event
매도인 주식회사 알파벤처스의 대표이사가 계약서에 서명한다.,"contract signing, authorization, legal act, transaction, representation",event
거래종결이 발생한다.,"completion, finalization, closure, settlement, transition",event
계약 당사자는 진술 및 보증의 내용을 사실과 다르게 진술했다.,"misrepresentation, false statement, breach, deception, contract violation",event
통지는 등기우편 또는 이메일로 한다.,"communication, notification, correspondence, information sharing, formal process",event
검증 절차는 통상 15영업일이 소요된다.,"verification, processing, waiting, procedure, validation",event
매도인과 매수인이 정해진다.,"agreement, negotiation, selection, transaction, assignment",event
검증 절차가 복잡한 사안이다,"verification, complexity, assessment, evaluation, investigation",event
각 당사자는 대리인을 선임할 수 있다.,"delegation, representation, authorization, appointment, legal act",event
주요 고객에 대한 통지는 양 당사자가 협의하여 진행한다.,"negotiation, agreement, communication, notification, collaboration",event
거래종결일 기준 운전자본을 확정한다.,"settlement, calculation, adjustment, confirmation, finance",event
조세 관련 사항에 대한 하자담보책임은 공소시효 만료일까지 유효하다.,"legal responsibility, statutory period, liability, warranty, expiration, taxation",event
본 계약은 어느 일방에게 유리하게 해석되지 않는다.,"fairness, neutrality, interpretation, agreement, impartiality",event
매도인은 거래종결일에 매매주식에 대한 완전한 소유권을 매수인에게 이전한다.,"ownership transfer, transaction, agreement, contract execution, asset conveyance",event
매수인은 대상회사 관련 정보를 합리적으로 요청한다.,"due diligence, inquiry, negotiation, information request, evaluation",event
본 계약상 시간의 엄수 조항이 있다,"compliance, punctuality, regulation, obligation, agreement",event
대상회사의 중요한 부채나 우발채무가 재무제표에 모두 기재되어 있다.,"재무보고, 투명성, 공시, 신뢰성, 위험관리",event
매도인이 검증 비용을 부담한다,"cost allocation, responsibility, transaction, verification, obligation",event
본 계약은 대한민국 법률에 따라 해석된다.,"interpretation, legislation, jurisdiction, governance, legal framework",event
진행 중인 연구개발 프로젝트가 계속 수행된다.,"research, development, continuation, progress, innovation",event
거래종결 이후 발생하는 모든 후속 조치가 논의된다.,"follow-up, discussion, negotiation, management, resolution",event
한국어본이 우선한다.,"priority, preference, selection, language choice",event
제89조에 정한 증빙자료를 준비한다.,"documentation, compliance, preparation, verification, regulation",event
양 당사자가 본 계약을 체결한다.,"agreement, contract formation, negotiation, commitment, partnership",event
"""영업일""이 성립한다.","business operation, workday, transaction, commencement, official activity",event
양 당사자는 거래 시너지 실현을 위해 상호 협력한다.,"collaboration, partnership, synergy, cooperation, alliance",event
대상회사의 모든 보험계약은 거래종결일 현재 유효하다.,"insurance, validity, confirmation, agreement, compliance",event
제15조의 확인실사에서 하자가 발견된다,"검증, 발견, 조사, 확인, 문제제기",event
거래종결 후 60일 내에 운전자본을 확정한다.,"contract fulfillment, financial settlement, capital determination, deadline enforcement, business process",event
하자가 확인된 경우 검증 비용은 매도인이 부담한다.,"responsibility, compensation, verification, liability, cost allocation",event
통지 기한을 도과한 청구는 효력이 없다.,"expiration, invalidation, limitation, rejection, regulation",event
나머지 조항은 유효하다.,"validity, enforcement, continuation, effectiveness, applicability",event
각 당사자는 자신을 위한 거래종결 전제조건을 포기할 수 있다.,"waiver, negotiation, agreement, concession, flexibility",event
대상회사의 모든 중요 문서가 매수인에게 인도된다.,"document transfer, delivery, disclosure, transaction, information sharing",event
대상회사의 재무제표는 중요한 측면에서 정확하다.,"audit, verification, assessment, accuracy, evaluation",event
자산이 매수인에게 귀속된다.,"ownership transfer, acquisition, allocation, transaction, entitlement",event
대상회사의 모든 중요 자산이 양호한 상태로 유지되고 있다.,"maintenance, preservation, stability, asset management, quality control",event
양 당사자는 거래종결 시 종결 확인서를 작성한다.,"confirmation, documentation, agreement, closure, formalization",event
본 계약은 매매주식의 매매와 관련한 당사자 간의 모든 합의를 포함한다.,"agreement, contract, negotiation, settlement, transaction, legal event",event
본 계약의 부록과 별첨이 존재한다.,"documentation, attachment, supplement, reference, annexation",event
매수인이 주식회사 베타홀딩스로 지정된다.,"designation, appointment, assignment, authorization, selection",event
모든 손해배상 청구는 손해액 산정 근거 및 관련 증빙을 첨부한다.,"compensation, documentation, evidence, liability, claim",event
제5장 거래종결 후 사항이 적용된다.,"contractual process, post-agreement, implementation, legal procedure, obligation",event
대상회사의 모든 중요 자산이 정상적으로 운영되고 있다.,"operation, maintenance, asset management, functionality, status check",event
매도인과 매수인 대표이사가 계약서에 서명한다.,"agreement, signing, authorization, transaction, commitment",event
매도인은 거래종결 후 3개월간 월별로 재무 정보를 제공한다.,"information sharing, financial reporting, post-transaction, compliance, obligation",event
계약 당사자들이 계약서에 서명한다.,"agreement, authorization, validation, commitment, documentation",event
제92조에 정한 바에 따라 조정된다.,"regulation, adjustment, governance, compliance, modification",event
매도인은 이에 성실히 협조해야 한다.,"cooperation, obligation, compliance, assistance, responsibility",event
당사자들은 우호적 해결을 우선으로 한다.,"conciliation, negotiation, resolution, cooperation, agreement",event
신뢰,"개념, 가치, 원칙, 감정, 상태, 관계",entity
나머지 조항은 유효하다,"법률, 조항, 계약, 규정, 조건, 원칙",entity
매도인의 사무실,"장소, 위치, 공간, 업무장소, 부동산, 사무공간",entity
주당 매매가격,"가격, 수치, 금액, 지표, 가치, 정보, 데이터",entity
주요 고객에 대한 통지,"통지, 문서, 절차, 알림, 의사소통, 공식문서",entity
제6장 일반조항,"chapter, section, provision, article, regulation, law, rule",entity
중요한 소송,"소송, 분쟁, 사건, 법률, 절차, 법정",entity
모든 세금,"세금, 납부, 의무, 비용, 재정, 부담",entity
양 당사자,"participant, party, side, stakeholder, entity, counterpart",entity
거래종결일,"시점, 마감일, 완료일, 일정, 종료시점, 계약일, 법률용어",entity
하자의 구체적 내용을 기술한 상세 보고서,"문서, 보고서, 자료, 기록, 증빙, 서류",entity
"대상회사 발행 보통주식 10,000,000주","주식, 금융상품, 자산, 투자, 증권, 발행물, 거래",entity
진술,"표현, 발언, 언급, 서술, 설명, 주장, 내용, 진위",entity
공개된 위험,"개념, 법률용어, 위험요소, 계약사항, 책임, 조건",entity
세무,"taxation, finance, audit, regulation, accounting, compliance",entity
매수인이 선임한 감사인,"감사인, 전문가, 심사자, 평가자, 역할",entity
우발채무,"부채, 위험, 재무요소, 회계항목, 금융용어",entity
대리인,"person, representative, agent, proxy, participant",entity
제1장 총칙,"chapter, section, regulation, provision, law, rule, guideline",entity
실사,"조사, 평가, 검토, 분석, 절차",entity
첫 회계연도,"기간, 시간, 보고, 일정, 회계, 연도, 감사, 절차",entity
통제권,"권한, 지배, 영향력, 관리, 역할, 책임",entity
2025년 1월 1일,"날짜, 시점, 시작일, 기준일, 시기, 기점",entity
회계,"업무, 관리, 시스템, 절차, 기록, 분석, 정보, 재무, 운영",entity
양호한 상태,"상태, 조건, 품질, 유지, 보전",entity
자신의 비용,"지출, 비용, 책임, 부담, 의무",entity
자,"person, individual, appointee, director, nominee",entity
제5장,"section, chapter, document part, content, legal provision",entity
무기한,"기간, 시간, 상태, 조건",entity
거래종결,"계약, 절차, 과정, 단계, 이벤트, 종료, 완료, 법률",entity
계약의 당사자,"주체, 참가자, 인물, 법적 주체, 계약자, 당사자, 역할",entity
확정된 손해배상액,"금액, 법률, 배상, 손해, 계약, 책임, 청구, 보상",entity
지적재산권,"권리, 자산, 법률, 보호, 무형재산, 소유, 이용",entity
통상 15영업일,"기간, 시간, 과정, 절차, 소요",entity
외부 전문가 의견서,"문서, 자료, 의견, 증빙, 자문, 서류",entity
추가 대가,"보상, 지불, 금전, 조건, 혜택",entity
매도인의 진술보증,"약정, 권리, 의무, 법률용어, 거래조건, 계약, 진술, 보증",entity
재무 정보,"정보, 데이터, 기록, 보고, 문서, 기준, 측정, 통계",entity
목표 달성 시,"조건, 상황, 기준, 제한, 규칙, 정책",entity
확정된 손해배상액과 미지급 매매대금,"손해배상, 금전, 법률, 거래, 청구, 채권, 상계",entity
자산,"재무항목, 소유물, 가치, 경제자원, 회계요소, 자본",entity
매도,"거래, 계약, 행위, 절차, 금융, 활동, 경제",entity
"담보권, 제한, 부담이 없는 상태","권리, 상태, 법률개념, 소유, 조건, 자격",entity
주식회사 알파벤처스 대표이사,"position, title, executive, leader, manager, authority, role, officer",entity
경영권,"권리, 지배, 통제, 자격, 소유, 책임, 역할",entity
세무조사,"조사, 감사, 행정절차, 정부활동, 규제, 감독",entity
매매대금 수령 계좌 정보,"계좌, 정보, 금융, 데이터, 통지, 거래, 세부사항",entity
영업일,"날짜, 기간, 일정, 시간, 근무일, 업무",entity
모든 기한,"기간, 조건, 조항, 규정, 약정",entity
분쟁,"갈등, 충돌, 문제, 분규, 사건, 상황, 이슈",entity
문서,"기록, 자료, 파일, 증거, 보고서",entity
완전성,"특성, 속성, 개념, 상태, 기준, 원칙, 철학",entity
하자담보책임의 청구,"법률, 청구, 책임, 보증, 분쟁, 절차",entity
대상회사의 매수인 연결 재무제표 포함,"회계, 재무, 보고, 통합, 연결, 기준, 절차",entity
조세 관련 사항,"법률, 세금, 규정, 제도, 의무, 책임",entity
검증 기관,"기관, 조직, 단체, 중재자, 심사기관, 승인기관",entity
관련 등기 절차,"절차, 과정, 행위, 업무, 프로세스, 절차서, 문서",entity
월별로,"time, frequency, period, interval, schedule",entity
어느 일방에게 유리하게,"조건, 상황, 상태, 해석, 법률 용어, 조항",entity
번역본과 불일치 시,"policy, rule, guideline, principle, instruction",entity
보증,"계약, 약정, 보장, 조건, 조항, 법률, 의무, 책임",entity
대한민국의 은행이 정상 영업하는 날,"날, 일정, 시간, 영업일, 근무일, 기준일, 일정일",entity
목표액,"기준, 수치, 값, 목표, 기준치, 지표, 금액",entity
하자,"결함, 문제, 상태, 위험, 이슈",entity
모든 지적재산권,"권리, 자산, 법률, 소유권, 재산, 보호",entity
협력,"관계, 상호작용, 지원, 협동, 연결, 네트워크, 상생",entity
당사자 간 완전한 합의,"합의, 계약, 약정, 조건, 조항, 약속",entity
조건,"조건, 기준, 요건, 요소, 전제, 상황, 규정, 기준점",entity
주식매도인,"사람, 매도자, 계약당사자, 투자자, 거래자",entity
본 계약 체결일 및 거래종결일,"시점, 날짜, 일정, 기준, 조건",entity
예측,"추정, 예상, 판단, 분석, 계획, 평가, 과정",entity
서울특별시 강남구,"district, area, location, region, administrative division, city section",entity
중요 계약,"계약, 문서, 거래, 약정, 합의, 법률 문서",entity
사회공헌 활동,"사회, 활동, 기여, 봉사, 참여, 프로그램, 이니셔티브, 프로젝트",entity
운전자본,"자본, 재무, 회계, 금융, 자금, 재정",entity
양도소득세,"세금, 과세, 부과금, 재정, 법률, 제도",entity
우호적 해결,"합의, 해결, 조정, 협상, 분쟁해결, 절차",entity
거래종결 시,"시점, 단계, 절차, 이벤트, 과정",entity
모든 진술과 보증,"진술, 보증, 약정, 조건, 조항, 내용, 계약",entity
부동산,"자산, 재산, 거래, 계약, 투자, 시장",entity
매매대금,"금전, 자금, 비용, 대가, 재화",entity
목표,"목적, 의도, 지향, 방향, 기준, 가치, 개념",entity
매매주식,"주식, 자산, 금융상품, 증권, 투자, 거래",entity
매매주식 매매에 필요한 제반 사항,"조건, 조항, 규정, 요건, 기준, 사항, 내용",entity
1부,"document, copy, record, section, part",entity
상대방의 사전 서면 동의,"permission, agreement, consent, authorization, requirement, condition",entity
매매주식에 대한 완전한 소유권,"권리, 소유권, 재산, 법률 개념, 거래, 이전",entity
종결 확인서,"문서, 증명서, 확인서, 기록, 서류",entity
모든 라이선스와 허가,"허가, 자격, 조건, 문서, 인증, 권리, 증명, 승인",entity
연간 1억원,"금액, 예산, 비용, 지출, 재정, 한도, 기준",entity
단체협약,"계약, 약정, 합의, 규정, 제도, 법률, 협상, 문서",entity
하자가 확인된 경우,"상태, 문제, 결함, 상황, 조건",entity
중요한 부채,"항목, 계정, 책임, 재무, 의무",entity
모든 라이선스,"license, permit, authorization, certification, legal right, approval, documentation",entity
제2장,"section, chapter, part, provision, clause",entity
비밀정보 공개,"정보, 공개, 행위, 절차, 권리, 조치, 규정",entity
동일한 조건,"계약, 조건, 약정, 기준, 조항",entity
운영,"management, administration, operation, process, activity",entity
주주명부,"문서, 기록, 명부, 증서, 자료, 목록",entity
독립된 제3자 전문기관,"기관, 조직, 기관단체, 전문가, 심사기구, 평가단, 중재자, 감독기관",entity
시설 이전,"이전, 절차, 과정, 변화, 이동, 행위, 작업",entity
"일천억원(₩100,000,000,000)","금액, 단위, 자산, 가치, 수치, 경제, 재무",entity
본 계약상 권리의무,"권리, 의무, 계약조건, 법률관계, 약정, 조항",entity
진행 중인 세무조사,"절차, 조사, 행정, 감사, 사건",entity
매수인,"사람, 주체, 역할, 거래 당사자, 구매자, 계약자",entity
데이터 보호 관련 법규,"법, 규정, 정책, 제도, 기준, 규제",entity
매도인이 지정한 계좌,"계좌, 금융, 수취처, 정보, 금융기관, 지급수단",entity
본 계약에 정한 절차,"절차, 규정, 조건, 기준, 조항, 방법, 원칙",entity
모든 중요한 계약,"계약, 약정, 문서, 합의, 법률, 거래",entity
대상회사의 핵심 임직원,"employee, personnel, workforce, management, team, staff, member, executive",entity
이전의 모든 구두 또는 서면 합의,"agreement, contract, document, arrangement, understanding, terms",entity
취득세,"세금, 납부, 비용, 부과, 거래",entity
거래종결 후 최소 1년간,"기간, 조건, 약정, 조항, 유지기간, 계약사항, 의무",entity
필요 서류,"문서, 자료, 증빙, 서식, 파일, 항목",entity
거래종결 후 발견된 자산,"재산, 권리, 소유, 자원, 이익",entity
상세 보고서,"문서, 기록, 자료, 보고, 정보",entity
제15조의 확인실사,"investigation, verification, process, procedure, assessment, evaluation, examination, compliance",entity
인지하고 있던 사항,"fact, knowledge, information, awareness, understanding",entity
제89조에 정한 증빙자료,"증빙자료, 서류, 자료, 문서, 법적근거, 증거, 제출물",entity
거래종결 전제조건,"조건, 요건, 기준, 절차, 규정, 요인",entity
하자의 구체적 내용,"정보, 세부사항, 문제점, 설명, 내용, 보고",entity
서울중앙지방법원,"법원, 기관, 재판소, 조직, 사법기관, 정부기관",entity
본 계약 체결일로부터 30일 이내,"period, deadline, timeframe, duration, term",entity
추가 대가 지급,"보상, 지급, 규정, 조건, 제한, 정책",entity
기재된 것 외의 우발채무,"채무, 위험, 책임, 법률 용어, 재무 용어, 불확실성",entity
거래 관련 공동 비용,"비용, 지불, 분담, 거래, 협력, 책임, 지출",entity
대한상사중재원,"기관, 중재기관, 단체, 조직, 법인, 서비스, 센터",entity
제63조에 따른 제3자 검증 보고서,"보고서, 문서, 증빙자료, 자료, 증거, 증명, 공식서류",entity
통지 기한을 도과한 청구,"법률, 청구, 절차, 규정, 법적 요건",entity
소유권 관련 사항,"법률, 권리, 책임, 제도, 규정, 계약",entity
환경 관련 분쟁,"분쟁, 갈등, 이슈, 문제, 사건, 환경",entity
영업,"business, sales, operation, function, activity",entity
하자담보책임 청구자,"청구자, 당사자, 계약자, 참여자, 주체, 개인, 인물",entity
주요 고객,"고객, 대상, 인물, 집단, 관계, 참여자",entity
모든 보험계약,"계약, 보장, 약정, 보험, 상품, 문서, 법률관계",entity
주식,"자산, 투자, 금융상품, 증권, 소유권, 경제",entity
법령상 요구 또는 상대방의 서면 동의,"조건, 예외, 규정, 요구사항, 동의, 문서, 법률, 조항",entity
증빙자료,"문서, 자료, 서류, 증거, 정보, 기록",entity
보상한도,"limit, threshold, condition, policy, criterion",entity
일방,"상태, 관계, 방향, 상황, 입장, 조건",entity
검증 비용,"비용, 지출, 부담, 금전, 책임, 거래",entity
필요한 정부 승인,"허가, 자격, 조건, 요건, 절차, 승인",entity
자신을 위한 거래종결 전제조건,"조건, 기준, 요구사항, 전제, 규칙, 원칙",entity
매도인의 거래종결 의무 발생,"의무, 조건, 계약, 책임, 거래",entity
합리적인 가정,"조건, 기준, 논리, 원칙, 전제",entity
목표액과 차이,"금액, 수치, 차이, 값, 지표, 수단, 항목",entity
매수인의 연결 재무제표,"보고, 재무정보, 자료, 문서, 재무보고, 결과, 기준, 평가",entity
30영업일,"기간, 시간, 기한, 단위, 일정",entity
재무상태,"회계, 재무, 상태, 상황, 구조, 정보, 보고, 지표",entity
이메일,"통신, 메시지, 정보, 서비스, 기술",entity
매도인,"사람, 주체, 거래자, 역할, 계약 당사자, 법적 주체",entity
권리 포기로 보지 않는다,"법률, 규정, 원칙, 조항, 해석, 정책",entity
거래종결 후 사항,"procedure, process, regulation, requirement, documentation, compliance, obligation",entity
중요한 중재,"합의, 절차, 분쟁해결, 법률, 사건, 조정",entity
제3장,"section, chapter, part, document, provision",entity
배당,"finance, payment, distribution, income, allocation, benefit, reward",entity
통지 기한,"기간, 시한, 조건, 규정, 제한, 기준",entity
감사 보고,"report, audit, document, process, compliance, evaluation",entity
대상회사 관련 정보,"정보, 자료, 문서, 데이터, 내용",entity
거래종결 후 발생하는 행정적 사항,"procedure, process, administration, follow-up, agreement, coordination",entity
경쟁하는 사업,"사업, 활동, 경쟁, 거래, 산업, 분야, 시장, 행위",entity
등기우편,"우편, 서비스, 전달, 통신, 방식",entity
행정적 사항,"절차, 업무, 조치, 처리, 협력, 관리",entity
제92조,"law, regulation, article, provision, rule, statute",entity
감사보고서,"document, report, record, statement, audit, accounting, compliance",entity
세금,"의무, 비용, 부담, 재정, 정책, 제도, 법률",entity
추가 자료,"document, information, data, material, record",entity
기재된 것 외의 중요한 부채,"liability, obligation, debt, responsibility, financial risk",entity
정상적으로,"status, condition, operation, functioning, situation",entity
노동조합,"조직, 단체, 집단, 협회, 노동자, 노동운동, 대표, 구성원",entity
사항,"item, detail, matter, issue, subject, information, content, element, aspect",entity
주식회사 베타홀딩스 대표이사,"position, executive, leader, representative, officer, authority",entity
임대차계약,"계약, 법률문서, 거래, 합의, 행위, 문서",entity
적절한 보상한도,"보험, 한도, 조건, 기준, 규정, 정책",entity
계약의 일부 조항,"조항, 조건, 내용, 부분, 문서, 규정, 약관",entity
기존 분쟁 해결에 필요한 정보,"정보, 자료, 데이터, 요소, 기준, 근거",entity
한국어본,"language, version, reference, document, standard",entity
거래종결 후 3개월간,"period, duration, term, timeframe, interval, agreement",entity
기존 브랜드,"브랜드, 상표, 자산, 명칭, 지적재산, 식별자",entity
계약 상대방,"party, counterparty, entity, participant, organization, stakeholder",entity
공소시효 만료일까지,"기간, 시한, 기한, 시간, 법률 용어, 제한",entity
모든 정보,"정보, 데이터, 콘텐츠, 지식, 자료, 내용",entity
주식매수인,"participant, buyer, investor, stakeholder, party",entity
법무,"legal affairs, legal service, legal process, law, compliance, regulation",entity
거래종결 5영업일 전까지,"기한, 시점, 조건, 통지기간, 마감일",entity
정확성,"특징, 속성, 품질, 기준, 상태, 가치, 조건, 성능",entity
상대방,"person, party, counterpart, participant, individual, entity",entity
하자가 확인되지 않은 경우,"상태, 조건, 상황, 기준, 책임",entity
사업 운영,"경영, 활동, 관리, 과정, 절차, 운영 방식, 조직, 업무",entity
사업계획,"계획, 문서, 전략, 예측, 보고, 준비, 자료",entity
"보통주식 10,000,000주","stock, equity, asset, security, investment, share",entity
복잡한 사안,"issue, situation, case, matter, circumstance, condition, scenario",entity
위반 통지,"notification, warning, notice, document, communication, action, procedure",entity
노동 관련 법규,"법률, 규정, 기준, 제도, 정책, 규범, 원칙",entity
계약,"문서, 합의, 약정, 법률관계, 절차",entity
예상 손해액,"amount, estimate, value, calculation, cost, assessment, figure",entity
세무 분쟁,"분쟁, 문제, 이슈, 갈등, 사건, 상황",entity
본 거래,"contract, agreement, transaction, arrangement, deal, legal document",entity
주요 고객과의 관계가 원만히 유지됨,"관계, 상황, 협력, 유지, 거래, 신뢰, 소통",entity
중요한 측면,"특성, 요소, 기준, 가치, 의미, 관점, 내용, 요인",entity
환경 관련 법규,"규정, 법률, 기준, 정책, 제도, 규제, 시스템",entity
중요한 부정적 변동,"사건, 변화, 영향, 위험, 위기, 요인",entity
번역본,"문서, 자료, 텍스트, 컨텐츠, 정보, 파일",entity
전 직원,"people, workforce, group, staff, personnel, employees, members",entity
대상회사의 독립적 경영,"경영, 독립성, 보장, 원칙, 운영, 방침",entity
매수인의 진술보증,"진술, 보증, 의무, 계약, 조건, 약정, 거래",entity
불가항력적 사유,"사유, 원인, 조건, 상황, 이유, 법률 용어, 면책 사유",entity
한국어,"language, tongue, communication system, script, medium",entity
본 계약 체결일,"시점, 기준일, 날짜, 시기, 기준점",entity
주식회사 감마테크,"company, corporation, business, entity, organization",entity
거래종결 후 첫 회계연도,"기간, 회계연도, 보고대상, 재무기간, 감사기간",entity
손해액 산정 근거 및 관련 증빙,"기준, 자료, 증거, 서류, 문서, 정보, 내용, 항목",entity
공개된 모든 정보,"정보, 데이터, 사실, 내용, 자료, 요소, 항목, 항목",entity
대한민국,"country, nation, state, republic, society, region",entity
경영권과 통제권 이전,"권리, 이전, 지배, 변화, 소유, 결정, 절차",entity
거래종결일로부터 3년간,"기간, 제한, 조건, 조항, 시간, 규정",entity
현금,"화폐, 자산, 지급수단, 금융, 가치",entity
계약의 일부,"document, clause, provision, agreement, attachment, contract, section",entity
개인정보보호법,"law, regulation, legislation, policy, rule, protection, compliance, governance",entity
모든 법령,"법령, 규정, 기준, 원칙, 규제, 규칙, 제도",entity
환경 관련 소송,"소송, 분쟁, 사건, 법률, 절차, 문제, 이슈, 활동, 대응, 관리",entity
재무제표,"보고서, 문서, 회계, 자료, 정보, 기록",entity
제3자,"사람, 외부인, 주체, 당사자, 참여자, 법적주체, 개체",entity
"대상회사의 재무상태, 영업, 자산에 중대한 악영향을 미치는 사건","사건, 위험, 요인, 영향, 위기, 리스크, 변수",entity
순부채,"finance, accounting, metric, liability, calculation, adjustment",entity
매수인이 실사 과정에서 실제로 인지한 사항,"사실, 정보, 내용, 사정, 사유, 이슈, 항목, 요소, 조건, 상황",entity
매매대금 지급에 필요한 충분한 자금 확보,"자금, 재원, 조건, 요건, 절차, 과정",entity
중요 문서,"document, file, record, information, data, asset",entity
진술보증 사항,"조건, 약속, 진술, 보증, 조항, 내용, 법률 용어",entity
미지급 매매대금,"금전채권, 채무, 거래대금, 채권, 금액, 재정, 자산",entity
문제점,"이슈, 결함, 장애, 위험, 과제, 상황, 현상",entity
모든 중요 자산,"자산, 재산, 소유물, 항목, 보유물, 가치",entity
선량한 관리자의 주의의무,"원칙, 기준, 법리, 의무, 책임, 규정",entity
추가 실사,"inspection, process, procedure, requirement, verification",entity
본 계약을 체결하고 이행할 완전한 권한과 능력,"조건, 권리, 자격, 능력, 법적 지위, 권한",entity
천재지변,"사건, 위험, 재난, 현상, 불가항력, 요인",entity
모든 정보의 정확성을 위해 최선을 다했다는 사실,"statement, declaration, assurance, confirmation, claim, representation",entity
거래종결일까지,"기간, 시점, 마감일, 기한, 일정, 조건",entity
불이행,"상태, 결과, 행위, 법률 용어, 계약, 책임, 문제",entity
일관된 회계 기준,"회계, 기준, 정책, 원칙, 규정, 표준, 절차",entity
검증 절차,"과정, 단계, 시스템, 방법, 정책, 규정, 절차, 관리",entity
정부,"organization, authority, administration, institution, governance, body",entity
부록,"attachment, appendix, supplement, document, section, addition",entity
시너지 실현,"collaboration, cooperation, partnership, integration, teamwork, mutual benefit, synergy",entity
제63조,"law, regulation, article, clause, rule, provision",entity
제50조,"article, provision, regulation, clause, legal term, statute",entity
일부 조항,"term, clause, provision, condition, statement, section",entity
제3장 진술 및 보증,"section, chapter, document, statement, warranty, provision, article",entity
보험계약,"계약, 약정, 보장, 거래, 문서, 합의, 금융, 상품",entity
규정,"법, 기준, 원칙, 지침, 체계, 제도, 조건, 규칙",entity
법령,"규정, 규칙, 기준, 제도, 기준, 정책, 기준",entity
주식회사 알파벤처스,"company, corporation, business, organization, entity",entity
거래종결 후,"stage, period, process, condition, status, requirement",entity
거래 당사자,"주체, 참여자, 당사자, 개인, 단체, 역할, 이해관계자",entity
은행,"기관, 금융, 서비스, 조직, 산업",entity
"일만원(₩10,000)","가격, 금액, 가치, 단위, 화폐, 수치, 평가",entity
각 당사자,"participant, party, individual, entity, stakeholder",entity
권리,"자격, 법률, 개념, 소유, 이익, 상태",entity
거래종결일 기준,"기준일, 시점, 조건, 기준, 거래, 시기",entity
중요한 계약,"contract, agreement, document, legal instrument, transaction",entity
당사자들,"participants, parties, individuals, entities, stakeholders, members",entity
중요한 변경,"change, modification, event, circumstance, condition, situation",entity
주권,"권리, 자격, 증서, 소유, 문서",entity
제51조,"article, clause, provision, regulation, law, section, rule",entity
하자와 손해 간 인과관계 입증 자료,"증거, 자료, 문서, 입증수단, 법적요건, 정보",entity
대상회사 이사,"직원, 임원, 관리자, 경영진, 리더",entity
다음 사항이 진실하고 정확함,"진술, 보증, 약정, 서약, 조건, 내용, 진실, 정확성, 문구",entity
진행 중인 연구개발 프로젝트,"프로젝트, 연구, 개발, 작업, 활동, 과정, 계획",entity
규제 변경,"변화, 정책, 제도, 행위, 조치, 절차, 시스템",entity
회계 기준,"기준, 규정, 원칙, 표준, 시스템, 체계",entity
경영 자문,"서비스, 컨설팅, 지원, 조언, 전문성, 업무, 관리, 비즈니스",entity
발송 후 3영업일 경과,"기간, 기한, 시간, 조건, 기준",entity
제4장,"section, chapter, part, document",entity
확인실사,"절차, 검토, 조사, 평가, 과정, 행위",entity
거래종결일로부터 60일간,"기간, 기한, 시간, 법률용어, 계약조건",entity
원활한 경영권 이전,"succession, transfer, management, process, transition, operation",entity
거래종결 전 선언되었으나 미지급된 배당,"금융, 배당, 권리, 자산, 거래, 지급",entity
필요시,"requirement, condition, necessity, provision, guideline",entity
계약의 해석,"법률, 해석, 조항, 분쟁, 규정, 원칙, 기준, 절차",entity
증빙,"문서, 자료, 기록, 증거, 정보",entity
핵심 임직원,"임직원, 인재, 인력, 구성원, 핵심인물, 조직, 인적자원",entity
한국채택국제회계기준,"accounting standard, regulation, guideline, framework, principle, rule",entity
거래종결일 기준 운전자본,"회계항목, 재무지표, 경영관리, 기업재무, 자산관리",entity
양 당사자의 서면 합의,"계약, 합의, 문서, 조건, 조항, 법률",entity
주식회사 베타홀딩스,"company, corporation, business, entity, organization",entity
서면 통지,"문서, 공문, 절차, 법률, 통지, 공식문",entity
나머지 조항,"법률, 조항, 규정, 조건, 조문, 규칙, 약관",entity
예측 정보,"정보, 데이터, 자료, 통계, 분석",entity
기존 공급계약,"contract, agreement, arrangement, legal document, business deal",entity
경영권과 통제권,"권리, 지배, 권한, 소유, 통제, 관리, 영향력",entity
모든 허가,"license, permit, authorization, approval, certification, document, qualification",entity
진술 및 보증의 시점,"시점, 기준일, 시기, 조건, 기준",entity
세무분쟁,"분쟁, 문제, 이슈, 사건, 갈등, 법률, 세금, 행정",entity
진술 및 보증,"조항, 조건, 약정, 법률 용어, 계약 요소",entity
거래종결일 현재,"시점, 시기, 기준일, 시계열, 상태",entity
실사 과정에서 발견된 하자나 문제점,"문제점, 결함, 현상, 이슈, 사항, 항목",entity
당사자들이 합의한 날,"시점, 기준일, 일정, 조건",entity
부채,"채무, 의무, 책임, 부담, 금융",entity
매매대금 조정,"계약, 거래, 조정, 평가, 기준, 금융, 법률",entity
매수,"거래, 행위, 계약, 활동, 절차, 금융, 행동",entity
서면 합의,"동의, 계약, 문서, 합의, 조건, 절차",entity
조정,"행위, 과정, 조치, 절차, 변화, 조정",entity
제반 사항,"condition, requirement, provision, detail, regulation, clause, matter, element",entity
지명한 자,"person, designee, participant, appointee, individual",entity
이사회 결의서,"document, resolution, approval, authorization, record, agreement",entity
노동조합과의 단체협약,"계약, 합의, 협상, 문서, 제도, 규범, 절차, 조항",entity
본 거래와 관련하여,"contract, transaction, agreement, process, procedure, activity",entity
매매조건,"조건, 기준, 약정, 조항, 규칙, 원칙, 조건",entity
당사자,"주체, 참여자, 인물, 계약자, 이해관계자, 당사, 관계자",entity
본 계약,"계약, 문서, 합의, 약정, 법률, 조항, 조건",entity
양 당사자 합의,"agreement, contract, consensus, negotiation, arrangement, decision",entity
대상회사,"회사, 기업, 조직, 법인, 사업체",entity
중요 자산,"property, resource, asset, possession, capital",entity
2부,"document, contract, section, part, agreement, writing",entity
실사 과정,"process, procedure, evaluation, assessment, verification",entity
통지,"문서, 절차, 행위, 의사소통, 전달, 알림, 통신",entity
계약 체결일,"날짜, 시점, 기준일, 일정, 시간",entity
거래종결 후 발견된 부채,"채무, 책임, 위험, 재무사항, 경제적의무, 거래조건",entity
조건이 충족된 경우,"상태, 조건, 상황, 기준, 전제, 요건, 요소",entity
데이터룸,"공간, 플랫폼, 시스템, 서비스, 도구, 환경, 장소",entity
인도된다,"행위, 절차, 과정, 단계, 결과",entity
선의,"가치, 원칙, 의도, 태도, 성향",entity
별첨,"attachment, appendix, supplement, document, addition, annex",entity
외부 전문가,"사람, 전문가, 자문가, 인력, 역할, 참여자, 직업",entity
제3자 검증 보고서,"보고서, 문서, 자료, 증빙, 기록",entity
제1심 관할법원,"court, jurisdiction, institution, authority, legal body, organization",entity
매매주식의 매매와 관련한 당사자 간의 모든 합의,"agreement, contract, arrangement, understanding, negotiation, transaction, commitment",entity
대한민국 법률,"law, regulation, legal system, statute, rule, legislation",entity
중요한 행정절차,"절차, 과정, 단계, 규정, 행정, 법률, 시스템",entity
제51조에 따라 주식 양도가 완료되는 날,"날짜, 시점, 기한, 완료일, 시기",entity
모든 중요 문서,"document, paperwork, record, material, information, data",entity
정해진다,"결정, 확정, 규정, 판정, 합의",entity
연간 1억원 이상의 중요 계약(실사 과정에서 공개된 것 외),"contract, agreement, document, record, transaction, deal, obligation",entity
손해배상 청구,"법률행위, 청구, 소송, 절차, 권리, 보상, 분쟁",entity
매매대금의 30%,"비율, 한도, 금액, 조건, 조항, 제한",entity
청구,"request, claim, application, action, legal term, procedure",entity
총 매매가격,"금액, 가치, 가격, 수치, 지표, 거래",entity
시설,"infrastructure, facility, building, place, structure, establishment, institution",entity
감사인,"직원, 전문가, 회계사, 임원, 담당자, 인원",entity
사용할 수 있다,"access, utilize, enable, permit, functionality, availability",relation
발생에 따른 비용을 부담한다,"bear expenses, cover costs, assume charges, take responsibility",relation
양도되어야 한다,"transfer, assignment, handover, conveyance, delegation",relation
는 연장될 수 있다,"be prolonged, be extended, last longer, duration increase",relation
진술하고 보증한다,"declare, affirm, guarantee, assert, promise",relation
확인한다,"검증, 점검, 살펴봄, 확인 작업, 조사",relation
이루어진다,"구성하다, 형성하다, 만들어지다, 생성하다, 조성하다",relation
진술보증이 중요한 측면에서 정확해야 한다,"accuracy, correctness, compliance, fidelity, precision",relation
정확해야,"be accurate, be precise, be exact, correctness, precision",relation
경영권 변경을 통지한다,"notify change, report transition, announce shift, inform update, disclose alteration",relation
은 지정한다,"assign, designate, appoint, specify, determine",relation
문서화되어야 한다,"record, document, archive, register, formalize",relation
손해배상을 청구하다,"demand compensation, seek redress, claim damages, request reimbursement, pursue remedy",relation
손해배상 책임 한도를 가진다,"limit liability, set compensation cap, restrict damages, define responsibility",relation
공개하다,"reveal, disclose, announce, make public, unveil",relation
존재하지 않다,"absence, nonexistence, lack, void, missing",relation
매수하다,"acquire, purchase, obtain, buy, secure",relation
기재하다,"record, enter, write down, document, register",relation
경쟁하는 사업을 영위하지 않는다,"avoid competition, non-compete, exclusivity, market separation, conflict prevention",relation
주주명부에 기재한다,"record ownership, register shareholder, document stake, list holder, note participation",relation
협력한다,"work together, collaborate, cooperate, join forces, partner",relation
계약일자이다,"agreement date, contract timing, formalize, establish date, set terms",relation
인도된다,"guide, lead, direct, usher, escort",relation
기준으로 한다,"base on, use as standard, reference, use as criterion, rely on",relation
도달한 것으로 본다,"considered achieved, regarded as reached, deemed attained, viewed as accomplished",relation
거래종결 의무가 발생한다,"obligation arises, duty triggered, responsibility created, requirement initiated",relation
가지고 있다,"소유, 보유, 지니다, 갖추다, 포함",relation
구성한다,"form, make up, build, compose, create, constitute",relation
해석되지 않는다,"not understood, uninterpreted, unclear, ambiguous, unresolved",relation
따른다,"obey, follow, conform, comply, adhere",relation
인지하고 있던 사항에 대해,"awareness, prior knowledge, recognition, familiarity, acknowledgment",relation
소재한다,"exist in, be located in, reside in, be present in, occupy",relation
때문에,"cause, reason, motivation, justification, source",relation
귀속된다,"belong to, attributed to, assigned to, affiliated with, associated with",relation
은 비용을 부담한다,"pay, bear expense, cover cost, finance, fund",relation
체결한다,"make agreement, form contract, establish pact, enter deal, sign accord",relation
동일한 조건을 적용하다,"standardize, unify, equalize, harmonize, normalize",relation
효력이 발생한다,"take effect, become valid, come into force, activate, become operative",relation
지정된다,"assign, appoint, label, categorize, select",relation
서명한다,"consent, approve, agree, authorize, validate",relation
이후에,"after, subsequent, following, succession",relation
운영된다,"관리된다, 작동된다, 실행된다, 통제된다, 유지된다",relation
인도한다,"guide, lead, direct, steer, instruct",relation
불충분한 경우,"lack, deficiency, insufficiency, shortfall",relation
계속 수행된다,"persist, continue, endure, maintain, last",relation
수정되다 또는 변경되다,"change, update, alter, modify, transform",relation
진행된다,"occur, take place, happen, be carried out, unfold",relation
지급한다,"provide, allocate, distribute, grant, supply",relation
보유하다,"have, possess, own, hold, retain",relation
계약의 해석에 대해 발생한다,"dispute, disagreement, interpretation issue, contractual conflict, legal question",relation
관할한다,"govern, oversee, supervise, administer, control",relation
대한민국 법률에 따라 해석된다,"governed by, interpreted under, subject to, regulated by",relation
요청할 수 있다,"ask, make a request, seek permission, solicit, inquire",relation
보유하거나 사용할 권리를 가진다,"entitlement, possess rights, authorized use, ownership, legal claim",relation
지급된다,"provide, grant, allocate, distribute, offer, furnish",relation
우선한다,"take priority, precede, come before, supersede, override",relation
양도될 수 있다,"transferable, assignable, conveyable, passable",relation
진술보증 위반에 대한 하자담보책임을 부담한다,"breach liability, warranty responsibility, contract obligation, legal accountability",relation
기술해야 한다,"설명, 묘사, 표현, 진술, 기록",relation
규정하다,"define, set rules, stipulate, prescribe, specify",relation
위반한 사실이 없다,"innocence, compliance, nonviolation, lawfulness, exoneration",relation
상계할 수 있다,"offset, compensate, deduct, balance, adjust",relation
없다,"not exist, absent, missing, lacking, void",relation
거래종결 후,"after completion, post-transaction, subsequent stage, following closure",relation
선임할 수 있다,"appoint, designate, assign, select, choose",relation
책임지지 않는다,"disclaim, deny responsibility, exempt, absolve",relation
유효하다,"apply, be effective, hold true, be valid, be applicable",relation
정확하다,"be exact, be precise, be accurate, be correct, be right",relation
는 소요된다,"require time, take duration, need effort, consume resources",relation
보장한다,"secure, ensure, guarantee, safeguard, warrant",relation
결과로,"cause, lead to, result in, produce, bring about, consequence",relation
서명하다,"sign, authorize, approve, endorse, consent",relation
하자담보책임이 유효하다,"legal liability, enforceability, warranty validity, responsibility, obligation",relation
존재하지 않아야 한다,"absence, nonexistence, exclusion, omission, lack",relation
포함해야 한다,"포함, 필요, 요구, 필수, 요구조건, 필요조건",relation
요청한다,"ask, request, seek, demand, appeal",relation
책임을 면한다,"absolve, exonerate, release from duty, free from obligation, exempt",relation
통지한다,"inform, notify, announce, communicate, report",relation
에서 하자를 발견하다,"identify flaw, detect defect, find issue, discover problem",relation
효력이 없다,"invalidate, nullify, be void, be ineffective, lose force",relation
엄격히 준수되어야 한다,"mandatory, obligation, strict adherence, compliance, enforcement",relation
은 선정된다,"be chosen, be selected, be picked, be designated, be appointed",relation
적용되지 않는다,"해당 없음, 배제, 예외, 무관, 제외",relation
보관한다,"store, keep, preserve, retain, safeguard",relation
실사를 수행할 수 있다,"capability, execution, perform task, conduct activity, carry out action",relation
보유한다,"possess, own, have, hold, retain",relation
수행할 수 있다,"능력, 가능성, 잠재력, 실행, 실현",relation
계약을 해제하다,"종료, 중단, 무효, 파기, 해지",relation
총 매매가격이다,"valuation, total cost, aggregate price, sum amount, overall value",relation
금액이 초과하다,"exceed, surpass, go beyond, overstep, outstrip",relation
협조해야 한다,"cooperate, collaborate, support, assist, contribute",relation
이다,"equivalence, identity, classification, definition, attribution",relation
이전한다,"move, relocate, transfer, shift, change location",relation
확정된다,"be decided, be determined, be finalized, be settled, be confirmed",relation
유지하고 있다,"keep, maintain, continue, preserve, sustain",relation
작성된다,"creation, composition, formation, generation, documentation",relation
신고·납부했다,"report, submit, declare, pay, compliance",relation
책임을 진다,"감당, 담당, 의무, 부담, 역할, 수행",relation
외부 전문가를 선임할 수 있다,"appoint advisor, select expert, hire consultant, engage specialist",relation
가지고 있지 않다,"lack, be without, absence, not possess, missing",relation
발생한다,"생긴다, 일어난다, 나타난다, 시작된다, 형성된다",relation
서면으로 해야 한다,"documented, written requirement, formalize, record, written form",relation
비용을 부담한다,"pay, cover expenses, bear costs, finance, fund",relation
포함된다,"포함, 일원화, 조성, 속하다, 소속",relation
정산된다,"settle, reconcile, account for, clear, process payment",relation
is participated by,"involve, be engaged by, be attended by, be taken part in",relation
통해 공개된다,"release, announcement, disclosure, reveal, communication",relation
규율된다,"control, regulate, restrict, govern, manage, oversee",relation
상호 협력한다,"work together, collaborate, cooperate, mutual support, interact",relation
포함하다,"contain, encompass, cover, comprise, involve, enclose",relation
통지 시한이다,"deadline, notification period, time limit, notice requirement",relation
제공한다,"supply, give, furnish, deliver, contribute",relation
해석된다,"be understood as, be interpreted as, be regarded as, be perceived as, be considered",relation
계약 체결한다,"reach agreement, form contract, establish deal, finalize arrangement, enter agreement",relation
유효하게 유지되어야 한다,"sustain, remain effective, maintain validity, continue, persist",relation
작성 근거,"basis, evidence, grounds, justification, support",relation
임대차계약이 정상적이며 유효하다,"validity, effectiveness, legitimacy, enforceability, lawfulness",relation
예외로 인정된다,"exception, exclusion, exemption, special case, not subject to, be excused",relation
변동에 따라,"depend on, vary with, be influenced by, be determined by, contingent on",relation
사회공헌 활동을 지속한다,"continue contribution, maintain involvement, sustain engagement, uphold commitment",relation
위반한 바 없다,"comply, follow rules, maintain legality, uphold standards",relation
대체한다,"substitute, replace, switch, exchange, swap",relation
지명한다,"appoint, nominate, designate, select, assign",relation
발생하면,"생기면, 나타나면, 일어나면, 이루어지면, 시작되면",relation
소유한다,"possess, have, own, hold, control",relation
유지된다,"지속된다, 보존된다, 계속된다, 유지함",relation
균등 분담한다,"share equally, distribute fairly, allocate evenly, divide uniformly",relation
준수한다,"follow, obey, comply, adhere, conform",relation
부담한다,"take responsibility, bear cost, assume obligation, carry burden",relation
업데이트 및 제공된다,"refresh, deliver, maintain, supply, distribute",relation
협의하여 진행한다,"consult, coordinate, collaborate, discuss, plan together",relation
원인이 된다,"lead to, result in, bring about, cause, give rise to, trigger",relation
통상의 영업과정에 따라 운영한다,"business operation, routine management, standard procedure, commercial activity, organizational process",relation
취득되어야 한다,"얻다, 필요하다, 확보하다, 충족하다, 달성하다",relation
기준이다,"judge, evaluate, measure, reference, assess",relation
대한상사중재원의 중재에 따른다,"arbitration, dispute resolution, legal process, conflict settlement",relation
선임된다,"be appointed, be selected, be promoted, be assigned, be designated",relation
양도할 수 없다,"nontransferable, unassignable, inalienable, nondelegable",relation
권리를 행사하지 않더라도,"waive, forgo, abstain, relinquish, defer",relation
매도인이다,"sell, transfer ownership, provide, offer, transact",relation
공개된 위험에 대해,"exposure, vulnerability, risk awareness, threat recognition",relation
적극 협조한다,"support, cooperate, actively assist, contribute, collaborate",relation
처분권한을 가진다,"control, authority, decision-making, ownership, power",relation
무효인 경우에도,"despite invalidity, regardless of effectiveness, even if void",relation
거래종결을 거부하다,"deny transaction, refuse agreement, reject deal, block completion",relation
절차에 따라야 한다,"follow rules, comply, adhere, observe protocol, conform",relation
비밀정보를 취득한다,"access confidential, obtain secrets, acquire information, gather intelligence, collect data",relation
요구할 수 있다,"request, claim, seek, ask, demand",relation
포함한다,"contain, consist of, encompass, incorporate, comprise",relation
수단으로 이루어진다,"achieved by, accomplished through, realized via, enabled by, facilitated through",relation
우호적 해결을 우선으로 한다,"prioritize harmony, seek resolution, favor negotiation, emphasize agreement, promote peace",relation
이전된다,"transfer, relocate, move, shift, transition",relation
더 유리한 조건을 제시하다,"offer advantage, propose better terms, improve conditions, provide benefit, increase favorability",relation
필요하다,"require, demand, depend on, be essential, necessitate",relation
비밀정보를 공개하지 않는다,"confidentiality, protect information, maintain secrecy, non-disclosure",relation
제한 기간,"time constraint, deadline, duration, time limit, period",relation
작성하다,"create, compose, generate, produce, draft",relation
동시에,"at the same time, concurrently, simultaneously, synchronously",relation
제92조에 따라,"according to, based on, pursuant to, in compliance with, under authority of",relation
이행한다,"carry out, fulfill, perform, execute, accomplish",relation
대상이다,"be subject to, be targeted by, be affected by, be chosen for, be under consideration",relation
지원한다,"apply, request, seek, submit, pursue",relation
이전에,"precedence, prior occurrence, earlier time, antecedence, preceding event",relation
위반 통지를 받은 바 없다,"no violation, compliant, no notification, clear record",relation
보유하지 않다,"lack, be without, not possess, absence of, not have",relation
이후,"after, following, subsequent, later than, succession",relation
이전,"move, transfer, shift, relocate, change",relation
서면으로 통지해야 한다,"inform in writing, notify formally, communicate officially, written notice",relation
제공되었다,"공급, 전달, 지원, 제공, 배포",relation
운영한다,"manage, control, oversee, administer, direct, supervise",relation
준수하다,"follow, obey, adhere, comply",relation
매도하다,"sell, dispose, transfer ownership, relinquish, liquidate",relation
제공하다,"give, supply, offer, furnish, deliver",relation
작성되었다,"created, composed, produced, generated, documented",relation
첨부해야 한다,"add, include, attach, enclose, incorporate",relation
의미한다,"indicate, signify, represent, express, denote",relation
첨부 조건,"attachment, requirement, prerequisite, stipulation, inclusion",relation
사용하다,"utilize, employ, make use of, apply, exploit",relation
대상회사를 상대로 하거나 대상회사가 당사자인 상태이다,"involve, concern, relate to, pertain to, implicate",relation
포기할 수 있다,"abandon, relinquish, let go, give up, surrender",relation
준비되어야,"requirement, readiness, preparation, prerequisite",relation
송금된다,"transfer, remit, send funds, move money, payment",relation
허용되지 않는다,"prohibit, deny, restrict, forbid, block, disallow",relation
매수인이다,"purchase role, buyer identity, acquisition party, ownership transfer, transaction participant",relation
근무를 유지한다,"continue working, maintain employment, retain position, sustain job",relation
는 검증을 거치다,"be verified, be validated, undergo assessment, pass inspection, prove authenticity",relation
바탕이 된다,"form basis, provide foundation, underpin, support, ground",relation
통지를 받는다,"be informed, receive notice, get notification, be alerted, be advised",relation
준수하고 있다,"follow, comply with, adhere to, observe, conform to",relation
업데이트된다,"변경, 수정, 반영, 갱신, 적용",relation
관련된다,"be connected to, be associated with, link, involve, pertain to, relate to",relation
작성되다,"create, compose, generate, produce, originate",relation
